<extensionManifest><groupId>org.apache.nifi</groupId><artifactId>nifi-db-schema-registry-service-nar</artifactId><version>2.0.0-M3</version><parentNar><groupId>org.apache.nifi</groupId><artifactId>nifi-standard-services-api-nar</artifactId><version>2.0.0-M3</version></parentNar><systemApiVersion>2.0.0-M3</systemApiVersion><buildInfo><tag>nifi-2.0.0-M3-RC1</tag></buildInfo><extensions><extension><name>org.apache.nifi.db.schemaregistry.DatabaseTableSchemaRegistry</name><type>CONTROLLER_SERVICE</type><description>Provides a service for generating a record schema from a database table definition. The service is configured to use a table name and a database connection fetches the table metadata (i.e. table definition) such as column names, data types, nullability, etc.</description><tags><tag>schema</tag><tag>registry</tag><tag>database</tag><tag>table</tag></tags><properties><property><name>Database Connection Pooling Service</name><displayName>Database Connection Pooling Service</displayName><description>The Controller Service that is used to obtain a connection to the database for retrieving table information.</description><controllerServiceDefinition><className>org.apache.nifi.dbcp.DBCPService</className><groupId>org.apache.nifi</groupId><artifactId>nifi-standard-services-api-nar</artifactId><version>2.0.0-M3</version></controllerServiceDefinition><required>true</required><sensitive>false</sensitive><expressionLanguageSupported>false</expressionLanguageSupported><expressionLanguageScope>NONE</expressionLanguageScope><dynamicallyModifiesClasspath>false</dynamicallyModifiesClasspath><dynamic>false</dynamic></property><property><name>Catalog Name</name><displayName>Catalog Name</displayName><description>The name of the catalog used to locate the desired table. This may not apply for the database that you are querying. In this case, leave the field empty. Note that if the property is set and the database is case-sensitive, the catalog name must match the database's catalog name exactly.</description><required>false</required><sensitive>false</sensitive><expressionLanguageSupported>true</expressionLanguageSupported><expressionLanguageScope>ENVIRONMENT</expressionLanguageScope><dynamicallyModifiesClasspath>false</dynamicallyModifiesClasspath><dynamic>false</dynamic></property><property><name>Schema Name</name><displayName>Schema Name</displayName><description>The name of the schema that the table belongs to. This may not apply for the database that you are updating. In this case, leave the field empty. Note that if the property is set and the database is case-sensitive, the schema name must match the database's schema name exactly. Also notice that if the same table name exists in multiple schemas and Schema Name is not specified, the service will find those tables and give an error if the different tables have the same column name(s).</description><required>false</required><sensitive>false</sensitive><expressionLanguageSupported>true</expressionLanguageSupported><expressionLanguageScope>ENVIRONMENT</expressionLanguageScope><dynamicallyModifiesClasspath>false</dynamicallyModifiesClasspath><dynamic>false</dynamic></property></properties><providedServiceAPIs><providedServiceAPI><className>org.apache.nifi.schemaregistry.services.SchemaRegistry</className><groupId>org.apache.nifi</groupId><artifactId>nifi-standard-services-api-nar</artifactId><version>2.0.0-M3</version></providedServiceAPI></providedServiceAPIs></extension></extensions></extensionManifest>