<extensionManifest><groupId>org.apache.nifi</groupId><artifactId>nifi-http-context-map-nar</artifactId><version>2.0.0-M3</version><parentNar><groupId>org.apache.nifi</groupId><artifactId>nifi-standard-services-api-nar</artifactId><version>2.0.0-M3</version></parentNar><systemApiVersion>2.0.0-M3</systemApiVersion><buildInfo><tag>nifi-2.0.0-M3-RC1</tag></buildInfo><extensions><extension><name>org.apache.nifi.http.StandardHttpContextMap</name><type>CONTROLLER_SERVICE</type><description>Provides the ability to store and retrieve HTTP requests and responses external to a Processor, so that multiple Processors can interact with the same HTTP request.</description><tags><tag>http</tag><tag>request</tag><tag>response</tag></tags><properties><property><name>Maximum Outstanding Requests</name><displayName>Maximum Outstanding Requests</displayName><description>The maximum number of HTTP requests that can be outstanding at any one time. Any attempt to register an additional HTTP Request will cause an error</description><defaultValue>5000</defaultValue><required>true</required><sensitive>false</sensitive><expressionLanguageSupported>false</expressionLanguageSupported><expressionLanguageScope>NONE</expressionLanguageScope><dynamicallyModifiesClasspath>false</dynamicallyModifiesClasspath><dynamic>false</dynamic></property><property><name>Request Expiration</name><displayName>Request Expiration</displayName><description>Specifies how long an HTTP Request should be left unanswered before being evicted from the cache and being responded to with a Service Unavailable status code</description><defaultValue>1 min</defaultValue><required>true</required><sensitive>false</sensitive><expressionLanguageSupported>false</expressionLanguageSupported><expressionLanguageScope>NONE</expressionLanguageScope><dynamicallyModifiesClasspath>false</dynamicallyModifiesClasspath><dynamic>false</dynamic></property></properties><seeAlso><see>org.apache.nifi.processors.standard.HandleHttpRequest</see><see>org.apache.nifi.processors.standard.HandleHttpResponse</see></seeAlso><providedServiceAPIs><providedServiceAPI><className>org.apache.nifi.http.HttpContextMap</className><groupId>org.apache.nifi</groupId><artifactId>nifi-standard-services-api-nar</artifactId><version>2.0.0-M3</version></providedServiceAPI></providedServiceAPIs></extension></extensions></extensionManifest>