<extensionManifest><groupId>org.apache.nifi</groupId><artifactId>nifi-opentelemetry-nar</artifactId><version>2.0.0-M3</version><parentNar><groupId>org.apache.nifi</groupId><artifactId>nifi-standard-shared-nar</artifactId><version>2.0.0-M3</version></parentNar><systemApiVersion>2.0.0-M3</systemApiVersion><buildInfo><tag>nifi-2.0.0-M3-RC1</tag></buildInfo><extensions><extension><name>org.apache.nifi.processors.opentelemetry.ListenOTLP</name><type>PROCESSOR</type><description>Collect OpenTelemetry messages over HTTP or gRPC. Supports standard Export Service Request messages for logs, metrics, and traces. Implements OpenTelemetry OTLP Specification 1.0.0 with OTLP/gRPC and OTLP/HTTP. Provides protocol detection using the HTTP Content-Type header.</description><tags><tag>OpenTelemetry</tag><tag>OTel</tag><tag>OTLP</tag><tag>telemetry</tag><tag>metrics</tag><tag>traces</tag><tag>logs</tag></tags><properties><property><name>Address</name><displayName>Address</displayName><description>Internet Protocol Address on which to listen for OTLP Export Service Requests. The default value enables listening on all addresses.</description><defaultValue>0.0.0.0</defaultValue><required>true</required><sensitive>false</sensitive><expressionLanguageSupported>false</expressionLanguageSupported><expressionLanguageScope>NONE</expressionLanguageScope><dynamicallyModifiesClasspath>false</dynamicallyModifiesClasspath><dynamic>false</dynamic></property><property><name>Port</name><displayName>Port</displayName><description>TCP port number on which to listen for OTLP Export Service Requests over HTTP and gRPC</description><defaultValue>4317</defaultValue><required>true</required><sensitive>false</sensitive><expressionLanguageSupported>false</expressionLanguageSupported><expressionLanguageScope>NONE</expressionLanguageScope><dynamicallyModifiesClasspath>false</dynamicallyModifiesClasspath><dynamic>false</dynamic></property><property><name>SSL Context Service</name><displayName>SSL Context Service</displayName><description>SSL Context Service enables TLS communication for HTTPS</description><controllerServiceDefinition><className>org.apache.nifi.ssl.SSLContextService</className><groupId>org.apache.nifi</groupId><artifactId>nifi-standard-services-api-nar</artifactId><version>2.0.0-M3</version></controllerServiceDefinition><required>true</required><sensitive>false</sensitive><expressionLanguageSupported>false</expressionLanguageSupported><expressionLanguageScope>NONE</expressionLanguageScope><dynamicallyModifiesClasspath>false</dynamicallyModifiesClasspath><dynamic>false</dynamic></property><property><name>Client Authentication</name><displayName>Client Authentication</displayName><description>Client authentication policy for TLS communication with HTTPS</description><defaultValue>WANT</defaultValue><allowableValues><allowableValue><displayName>WANT</displayName><value>WANT</value><description></description></allowableValue><allowableValue><displayName>REQUIRED</displayName><value>REQUIRED</value><description></description></allowableValue><allowableValue><displayName>NONE</displayName><value>NONE</value><description></description></allowableValue></allowableValues><required>true</required><sensitive>false</sensitive><expressionLanguageSupported>false</expressionLanguageSupported><expressionLanguageScope>NONE</expressionLanguageScope><dynamicallyModifiesClasspath>false</dynamicallyModifiesClasspath><dynamic>false</dynamic></property><property><name>Worker Threads</name><displayName>Worker Threads</displayName><description>Number of threads responsible for decoding and queuing incoming OTLP Export Service Requests</description><defaultValue>2</defaultValue><required>true</required><sensitive>false</sensitive><expressionLanguageSupported>false</expressionLanguageSupported><expressionLanguageScope>NONE</expressionLanguageScope><dynamicallyModifiesClasspath>false</dynamicallyModifiesClasspath><dynamic>false</dynamic></property><property><name>Queue Capacity</name><displayName>Queue Capacity</displayName><description>Maximum number of OTLP request resource elements that can be received and queued</description><defaultValue>1000</defaultValue><required>true</required><sensitive>false</sensitive><expressionLanguageSupported>false</expressionLanguageSupported><expressionLanguageScope>NONE</expressionLanguageScope><dynamicallyModifiesClasspath>false</dynamicallyModifiesClasspath><dynamic>false</dynamic></property><property><name>Batch Size</name><displayName>Batch Size</displayName><description>Maximum number of OTLP request resource elements included in each FlowFile produced</description><defaultValue>100</defaultValue><required>true</required><sensitive>false</sensitive><expressionLanguageSupported>false</expressionLanguageSupported><expressionLanguageScope>NONE</expressionLanguageScope><dynamicallyModifiesClasspath>false</dynamicallyModifiesClasspath><dynamic>false</dynamic></property></properties><relationships><relationship><name>success</name><description>Export Service Requests containing OTLP Telemetry</description><autoTerminated>false</autoTerminated></relationship></relationships><writesAttributes><writesAttribute><name>mime.type</name><description>Content-Type set to application/json</description></writesAttribute><writesAttribute><name>resource.type</name><description>OpenTelemetry Resource Type: LOGS, METRICS, or TRACES</description></writesAttribute><writesAttribute><name>resource.count</name><description>Count of resource elements included in messages</description></writesAttribute></writesAttributes><inputRequirement>INPUT_FORBIDDEN</inputRequirement><defaultSchedule><strategy>TIMER_DRIVEN</strategy><period>25 ms</period><concurrentTasks>1</concurrentTasks></defaultSchedule></extension></extensions></extensionManifest>