<extensionManifest><groupId>org.apache.nifi</groupId><artifactId>nifi-dropbox-services-nar</artifactId><version>2.0.0-M3</version><parentNar><groupId>org.apache.nifi</groupId><artifactId>nifi-dropbox-services-api-nar</artifactId><version>2.0.0-M3</version></parentNar><systemApiVersion>2.0.0-M3</systemApiVersion><buildInfo><tag>nifi-2.0.0-M3-RC1</tag></buildInfo><extensions><extension><name>org.apache.nifi.services.dropbox.StandardDropboxCredentialService</name><type>CONTROLLER_SERVICE</type><description>Defines credentials for Dropbox processors.</description><tags><tag>dropbox</tag><tag>credentials</tag><tag>provider</tag></tags><properties><property><name>app-key</name><displayName>App Key</displayName><description>App Key of the user's Dropbox app. See Additional Details for more information.</description><required>true</required><sensitive>false</sensitive><expressionLanguageSupported>true</expressionLanguageSupported><expressionLanguageScope>ENVIRONMENT</expressionLanguageScope><dynamicallyModifiesClasspath>false</dynamicallyModifiesClasspath><dynamic>false</dynamic></property><property><name>app-secret</name><displayName>App Secret</displayName><description>App Secret of the user's Dropbox app. See Additional Details for more information.</description><required>true</required><sensitive>true</sensitive><expressionLanguageSupported>true</expressionLanguageSupported><expressionLanguageScope>ENVIRONMENT</expressionLanguageScope><dynamicallyModifiesClasspath>false</dynamicallyModifiesClasspath><dynamic>false</dynamic></property><property><name>access-token</name><displayName>Access Token</displayName><description>Access Token of the user's Dropbox app. See Additional Details for more information about Access Token generation.</description><required>true</required><sensitive>true</sensitive><expressionLanguageSupported>true</expressionLanguageSupported><expressionLanguageScope>ENVIRONMENT</expressionLanguageScope><dynamicallyModifiesClasspath>false</dynamicallyModifiesClasspath><dynamic>false</dynamic></property><property><name>refresh-token</name><displayName>Refresh Token</displayName><description>Refresh Token of the user's Dropbox app. See Additional Details for more information about Refresh Token generation.</description><required>true</required><sensitive>true</sensitive><expressionLanguageSupported>true</expressionLanguageSupported><expressionLanguageScope>ENVIRONMENT</expressionLanguageScope><dynamicallyModifiesClasspath>false</dynamicallyModifiesClasspath><dynamic>false</dynamic></property></properties><providedServiceAPIs><providedServiceAPI><className>org.apache.nifi.dropbox.credentials.service.DropboxCredentialService</className><groupId>org.apache.nifi</groupId><artifactId>nifi-dropbox-services-api-nar</artifactId><version>2.0.0-M3</version></providedServiceAPI></providedServiceAPIs></extension></extensions></extensionManifest>