<extensionManifest><groupId>org.apache.nifi</groupId><artifactId>nifi-kerberos-user-service-nar</artifactId><version>2.0.0-M3</version><parentNar><groupId>org.apache.nifi</groupId><artifactId>nifi-standard-services-api-nar</artifactId><version>2.0.0-M3</version></parentNar><systemApiVersion>2.0.0-M3</systemApiVersion><buildInfo><tag>nifi-2.0.0-M3-RC1</tag></buildInfo><extensions><extension><name>org.apache.nifi.kerberos.KerberosKeytabUserService</name><type>CONTROLLER_SERVICE</type><description>Provides a mechanism for creating a KerberosUser from a principal and keytab that other components are able to use in order to perform authentication using Kerberos. By encapsulating this information into a Controller Service and allowing other components to make use of it (as opposed to specifying the principal and keytab directly in the processor) an administrator is able to choose which users are allowed to use which keytabs and principals. This provides a more robust security model for multi-tenant use cases.</description><tags><tag>Kerberos</tag><tag>Keytab</tag><tag>Principal</tag><tag>Credentials</tag><tag>Authentication</tag><tag>Security</tag></tags><properties><property><name>Kerberos Principal</name><displayName>Kerberos Principal</displayName><description>Kerberos principal to authenticate as. Requires nifi.kerberos.krb5.file to be set in your nifi.properties</description><required>true</required><sensitive>false</sensitive><expressionLanguageSupported>true</expressionLanguageSupported><expressionLanguageScope>ENVIRONMENT</expressionLanguageScope><dynamicallyModifiesClasspath>false</dynamicallyModifiesClasspath><dynamic>false</dynamic></property><property><name>Kerberos Keytab</name><displayName>Kerberos Keytab</displayName><description>Kerberos keytab associated with the principal.</description><required>true</required><sensitive>false</sensitive><expressionLanguageSupported>true</expressionLanguageSupported><expressionLanguageScope>ENVIRONMENT</expressionLanguageScope><dynamicallyModifiesClasspath>false</dynamicallyModifiesClasspath><dynamic>false</dynamic><resourceDefinition><cardinality>SINGLE</cardinality><resourceTypes><resourceType>FILE</resourceType></resourceTypes></resourceDefinition></property></properties><restricted><restrictions><restriction><requiredPermission>access keytab</requiredPermission><explanation>Allows user to define a Keytab and principal that can then be used by other components.</explanation></restriction></restrictions></restricted><providedServiceAPIs><providedServiceAPI><className>org.apache.nifi.kerberos.KerberosUserService</className><groupId>org.apache.nifi</groupId><artifactId>nifi-standard-services-api-nar</artifactId><version>2.0.0-M3</version></providedServiceAPI><providedServiceAPI><className>org.apache.nifi.kerberos.SelfContainedKerberosUserService</className><groupId>org.apache.nifi</groupId><artifactId>nifi-standard-services-api-nar</artifactId><version>2.0.0-M3</version></providedServiceAPI></providedServiceAPIs></extension><extension><name>org.apache.nifi.kerberos.KerberosPasswordUserService</name><type>CONTROLLER_SERVICE</type><description>Provides a mechanism for creating a KerberosUser from a principal and password that other components are able to use in order to perform authentication using Kerberos.</description><tags><tag>Kerberos</tag><tag>Password</tag><tag>Principal</tag><tag>Credentials</tag><tag>Authentication</tag><tag>Security</tag></tags><properties><property><name>Kerberos Principal</name><displayName>Kerberos Principal</displayName><description>Kerberos principal to authenticate as. Requires nifi.kerberos.krb5.file to be set in your nifi.properties</description><required>true</required><sensitive>false</sensitive><expressionLanguageSupported>true</expressionLanguageSupported><expressionLanguageScope>ENVIRONMENT</expressionLanguageScope><dynamicallyModifiesClasspath>false</dynamicallyModifiesClasspath><dynamic>false</dynamic></property><property><name>Kerberos Password</name><displayName>Kerberos Password</displayName><description>Kerberos password associated with the principal.</description><required>true</required><sensitive>true</sensitive><expressionLanguageSupported>false</expressionLanguageSupported><expressionLanguageScope>NONE</expressionLanguageScope><dynamicallyModifiesClasspath>false</dynamicallyModifiesClasspath><dynamic>false</dynamic></property></properties><providedServiceAPIs><providedServiceAPI><className>org.apache.nifi.kerberos.KerberosUserService</className><groupId>org.apache.nifi</groupId><artifactId>nifi-standard-services-api-nar</artifactId><version>2.0.0-M3</version></providedServiceAPI></providedServiceAPIs></extension><extension><name>org.apache.nifi.kerberos.KerberosTicketCacheUserService</name><type>CONTROLLER_SERVICE</type><description>Provides a mechanism for creating a KerberosUser from a principal and ticket cache that other components are able to use in order to perform authentication using Kerberos. By encapsulating this information into a Controller Service and allowing other components to make use of it an administrator is able to choose which users are allowed to use which ticket caches and principals. This provides a more robust security model for multi-tenant use cases.</description><tags><tag>Kerberos</tag><tag>Ticket</tag><tag>Cache</tag><tag>Principal</tag><tag>Credentials</tag><tag>Authentication</tag><tag>Security</tag></tags><properties><property><name>Kerberos Principal</name><displayName>Kerberos Principal</displayName><description>Kerberos principal to authenticate as. Requires nifi.kerberos.krb5.file to be set in your nifi.properties</description><required>true</required><sensitive>false</sensitive><expressionLanguageSupported>true</expressionLanguageSupported><expressionLanguageScope>ENVIRONMENT</expressionLanguageScope><dynamicallyModifiesClasspath>false</dynamicallyModifiesClasspath><dynamic>false</dynamic></property><property><name>Kerberos Ticket Cache File</name><displayName>Kerberos Ticket Cache File</displayName><description>Kerberos ticket cache associated with the principal.</description><required>true</required><sensitive>false</sensitive><expressionLanguageSupported>true</expressionLanguageSupported><expressionLanguageScope>ENVIRONMENT</expressionLanguageScope><dynamicallyModifiesClasspath>false</dynamicallyModifiesClasspath><dynamic>false</dynamic><resourceDefinition><cardinality>SINGLE</cardinality><resourceTypes><resourceType>FILE</resourceType></resourceTypes></resourceDefinition></property></properties><restricted><restrictions><restriction><requiredPermission>access ticket cache</requiredPermission><explanation>Allows user to define a ticket cache and principal that can then be used by other components.</explanation></restriction></restrictions></restricted><providedServiceAPIs><providedServiceAPI><className>org.apache.nifi.kerberos.KerberosUserService</className><groupId>org.apache.nifi</groupId><artifactId>nifi-standard-services-api-nar</artifactId><version>2.0.0-M3</version></providedServiceAPI><providedServiceAPI><className>org.apache.nifi.kerberos.SelfContainedKerberosUserService</className><groupId>org.apache.nifi</groupId><artifactId>nifi-standard-services-api-nar</artifactId><version>2.0.0-M3</version></providedServiceAPI></providedServiceAPIs></extension></extensions></extensionManifest>