<extensionManifest><groupId>org.apache.nifi</groupId><artifactId>nifi-dropbox-processors-nar</artifactId><version>2.0.0-M3</version><parentNar><groupId>org.apache.nifi</groupId><artifactId>nifi-dropbox-services-api-nar</artifactId><version>2.0.0-M3</version></parentNar><systemApiVersion>2.0.0-M3</systemApiVersion><buildInfo><tag>nifi-2.0.0-M3-RC1</tag></buildInfo><extensions><extension><name>org.apache.nifi.processors.dropbox.FetchDropbox</name><type>PROCESSOR</type><description>Fetches files from Dropbox. Designed to be used in tandem with ListDropbox.</description><tags><tag>dropbox</tag><tag>storage</tag><tag>fetch</tag></tags><properties><property><name>dropbox-credential-service</name><displayName>Dropbox Credential Service</displayName><description>Controller Service used to obtain Dropbox credentials (App Key, App Secret, Access Token, Refresh Token). See controller service's Additional Details for more information.</description><controllerServiceDefinition><className>org.apache.nifi.dropbox.credentials.service.DropboxCredentialService</className><groupId>org.apache.nifi</groupId><artifactId>nifi-dropbox-services-api-nar</artifactId><version>2.0.0-M3</version></controllerServiceDefinition><required>true</required><sensitive>false</sensitive><expressionLanguageSupported>false</expressionLanguageSupported><expressionLanguageScope>NONE</expressionLanguageScope><dynamicallyModifiesClasspath>false</dynamicallyModifiesClasspath><dynamic>false</dynamic></property><property><name>file</name><displayName>File</displayName><description>The Dropbox identifier or path of the Dropbox file to fetch. The 'File' should match the following regular expression pattern: /.*|id:.* . When ListDropbox is used for input, either '${dropbox.id}' (identifying files by Dropbox id) or '${path}/${filename}' (identifying files by path) can be used as 'File' value.</description><defaultValue>${dropbox.id}</defaultValue><required>true</required><sensitive>false</sensitive><expressionLanguageSupported>true</expressionLanguageSupported><expressionLanguageScope>FLOWFILE_ATTRIBUTES</expressionLanguageScope><dynamicallyModifiesClasspath>false</dynamicallyModifiesClasspath><dynamic>false</dynamic></property><property><name>proxy-configuration-service</name><displayName>Proxy Configuration Service</displayName><description>Specifies the Proxy Configuration Controller Service to proxy network requests. Supported proxies: HTTP + AuthN</description><controllerServiceDefinition><className>org.apache.nifi.proxy.ProxyConfigurationService</className><groupId>org.apache.nifi</groupId><artifactId>nifi-standard-services-api-nar</artifactId><version>2.0.0-M3</version></controllerServiceDefinition><required>false</required><sensitive>false</sensitive><expressionLanguageSupported>false</expressionLanguageSupported><expressionLanguageScope>NONE</expressionLanguageScope><dynamicallyModifiesClasspath>false</dynamicallyModifiesClasspath><dynamic>false</dynamic></property></properties><relationships><relationship><name>success</name><description>A FlowFile will be routed here for each successfully fetched File.</description><autoTerminated>false</autoTerminated></relationship><relationship><name>failure</name><description>A FlowFile will be routed here for each File for which fetch was attempted but failed.</description><autoTerminated>false</autoTerminated></relationship></relationships><writesAttributes><writesAttribute><name>error.message</name><description>The error message returned by Dropbox</description></writesAttribute><writesAttribute><name>dropbox.id</name><description>The Dropbox identifier of the file</description></writesAttribute><writesAttribute><name>path</name><description>The folder path where the file is located</description></writesAttribute><writesAttribute><name>filename</name><description>The name of the file</description></writesAttribute><writesAttribute><name>dropbox.size</name><description>The size of the file</description></writesAttribute><writesAttribute><name>dropbox.timestamp</name><description>The server modified time of the file</description></writesAttribute><writesAttribute><name>dropbox.revision</name><description>Revision of the file</description></writesAttribute></writesAttributes><inputRequirement>INPUT_REQUIRED</inputRequirement><seeAlso><see>org.apache.nifi.processors.dropbox.PutDropbox</see><see>org.apache.nifi.processors.dropbox.ListDropbox</see></seeAlso></extension><extension><name>org.apache.nifi.processors.dropbox.ListDropbox</name><type>PROCESSOR</type><description>Retrieves a listing of files from Dropbox (shortcuts are ignored). Each listed file may result in one FlowFile, the metadata being written as FlowFile attributes. When the 'Record Writer' property is set, the entire result is written as records to a single FlowFile. This Processor is designed to run on Primary Node only in a cluster. If the primary node changes, the new Primary Node will pick up where the previous node left off without duplicating all of the data.</description><tags><tag>dropbox</tag><tag>storage</tag></tags><properties><property><name>dropbox-credential-service</name><displayName>Dropbox Credential Service</displayName><description>Controller Service used to obtain Dropbox credentials (App Key, App Secret, Access Token, Refresh Token). See controller service's Additional Details for more information.</description><controllerServiceDefinition><className>org.apache.nifi.dropbox.credentials.service.DropboxCredentialService</className><groupId>org.apache.nifi</groupId><artifactId>nifi-dropbox-services-api-nar</artifactId><version>2.0.0-M3</version></controllerServiceDefinition><required>true</required><sensitive>false</sensitive><expressionLanguageSupported>false</expressionLanguageSupported><expressionLanguageScope>NONE</expressionLanguageScope><dynamicallyModifiesClasspath>false</dynamicallyModifiesClasspath><dynamic>false</dynamic></property><property><name>folder</name><displayName>Folder</displayName><description>The Dropbox identifier or path of the folder from which to pull list of files. 'Folder' should match the following regular expression pattern: /.*|id:.* . Example for folder identifier: id:odTlUvbpIEAAAAAAAAAGGQ. Example for folder path: /Team1/Task1.</description><defaultValue>/</defaultValue><required>true</required><sensitive>false</sensitive><expressionLanguageSupported>true</expressionLanguageSupported><expressionLanguageScope>ENVIRONMENT</expressionLanguageScope><dynamicallyModifiesClasspath>false</dynamicallyModifiesClasspath><dynamic>false</dynamic></property><property><name>recursive-search</name><displayName>Search Recursively</displayName><description>Indicates whether to list files from subfolders of the Dropbox folder.</description><defaultValue>true</defaultValue><allowableValues><allowableValue><displayName>true</displayName><value>true</value><description></description></allowableValue><allowableValue><displayName>false</displayName><value>false</value><description></description></allowableValue></allowableValues><required>true</required><sensitive>false</sensitive><expressionLanguageSupported>false</expressionLanguageSupported><expressionLanguageScope>NONE</expressionLanguageScope><dynamicallyModifiesClasspath>false</dynamicallyModifiesClasspath><dynamic>false</dynamic></property><property><name>min-age</name><displayName>Minimum File Age</displayName><description>The minimum age a file must be in order to be considered; any files newer than this will be ignored.</description><defaultValue>0 sec</defaultValue><required>true</required><sensitive>false</sensitive><expressionLanguageSupported>false</expressionLanguageSupported><expressionLanguageScope>NONE</expressionLanguageScope><dynamicallyModifiesClasspath>false</dynamicallyModifiesClasspath><dynamic>false</dynamic></property><property><name>listing-strategy</name><displayName>Listing Strategy</displayName><description>Specify how to determine new/updated entities. See each strategy descriptions for detail.</description><defaultValue>timestamps</defaultValue><allowableValues><allowableValue><displayName>Tracking Timestamps</displayName><value>timestamps</value><description>This strategy tracks the latest timestamp of listed entity to determine new/updated entities. Since it only tracks few timestamps, it can manage listing state efficiently. However, any newly added, or updated entity having timestamp older than the tracked latest timestamp can not be picked by this strategy. For example, such situation can happen in a file system if a file with old timestamp is copied or moved into the target directory without its last modified timestamp being updated. Also may miss files when multiple subdirectories are being written at the same time while listing is running.</description></allowableValue><allowableValue><displayName>Tracking Entities</displayName><value>entities</value><description>This strategy tracks information of all the listed entities within the latest 'Entity Tracking Time Window' to determine new/updated entities. This strategy can pick entities having old timestamp that can be missed with 'Tracking Timestamps'. Works even when multiple subdirectories are being written at the same time while listing is running. However additional DistributedMapCache controller service is required and more JVM heap memory is used. See the description of 'Entity Tracking Time Window' property for further details on how it works.</description></allowableValue><allowableValue><displayName>Time Window</displayName><value>time-window</value><description>This strategy uses a sliding time window. The window starts where the previous window ended and ends with the 'current time'. One cycle will list files with modification time falling within the time window. Works even when multiple subdirectories are being written at the same time while listing is running. IMPORTANT: This strategy works properly only if the time on both the system hosting NiFi and the one hosting the files are accurate.</description></allowableValue><allowableValue><displayName>No Tracking</displayName><value>none</value><description>This strategy lists an entity without any tracking. The same entity will be listed each time on executing this processor. It is recommended to change the default run schedule value. Any property that related to the persisting state will be disregarded.</description></allowableValue></allowableValues><required>true</required><sensitive>false</sensitive><expressionLanguageSupported>false</expressionLanguageSupported><expressionLanguageScope>NONE</expressionLanguageScope><dynamicallyModifiesClasspath>false</dynamicallyModifiesClasspath><dynamic>false</dynamic></property><property><name>et-state-cache</name><displayName>Entity Tracking State Cache</displayName><description>Listed entities are stored in the specified cache storage so that this processor can resume listing across NiFi restart or in case of primary node change. 'Tracking Entities' strategy require tracking information of all listed entities within the last 'Tracking Time Window'. To support large number of entities, the strategy uses DistributedMapCache instead of managed state. Cache key format is 'ListedEntities::{processorId}(::{nodeId})'. If it tracks per node listed entities, then the optional '::{nodeId}' part is added to manage state separately. E.g. cluster wide cache key = 'ListedEntities::8dda2321-0164-1000-50fa-3042fe7d6a7b', per node cache key = 'ListedEntities::8dda2321-0164-1000-50fa-3042fe7d6a7b::nifi-node3' The stored cache content is Gzipped JSON string. The cache key will be deleted when target listing configuration is changed. Used by 'Tracking Entities' strategy.</description><controllerServiceDefinition><className>org.apache.nifi.distributed.cache.client.DistributedMapCacheClient</className><groupId>org.apache.nifi</groupId><artifactId>nifi-standard-services-api-nar</artifactId><version>2.0.0-M3</version></controllerServiceDefinition><required>false</required><sensitive>false</sensitive><expressionLanguageSupported>false</expressionLanguageSupported><expressionLanguageScope>NONE</expressionLanguageScope><dynamicallyModifiesClasspath>false</dynamicallyModifiesClasspath><dynamic>false</dynamic><dependencies><dependency><propertyName>listing-strategy</propertyName><propertyDisplayName>Listing Strategy</propertyDisplayName><dependentValues><dependentValue>entities</dependentValue></dependentValues></dependency></dependencies></property><property><name>et-time-window</name><displayName>Entity Tracking Time Window</displayName><description>Specify how long this processor should track already-listed entities. 'Tracking Entities' strategy can pick any entity whose timestamp is inside the specified time window. For example, if set to '30 minutes', any entity having timestamp in recent 30 minutes will be the listing target when this processor runs. A listed entity is considered 'new/updated' and a FlowFile is emitted if one of following condition meets: 1. does not exist in the already-listed entities, 2. has newer timestamp than the cached entity, 3. has different size than the cached entity. If a cached entity's timestamp becomes older than specified time window, that entity will be removed from the cached already-listed entities. Used by 'Tracking Entities' strategy.</description><defaultValue>3 hours</defaultValue><required>false</required><sensitive>false</sensitive><expressionLanguageSupported>true</expressionLanguageSupported><expressionLanguageScope>ENVIRONMENT</expressionLanguageScope><dynamicallyModifiesClasspath>false</dynamicallyModifiesClasspath><dynamic>false</dynamic><dependencies><dependency><propertyName>listing-strategy</propertyName><propertyDisplayName>Listing Strategy</propertyDisplayName><dependentValues><dependentValue>entities</dependentValue></dependentValues></dependency></dependencies></property><property><name>et-initial-listing-target</name><displayName>Entity Tracking Initial Listing Target</displayName><description>Specify how initial listing should be handled. Used by 'Tracking Entities' strategy.</description><defaultValue>all</defaultValue><allowableValues><allowableValue><displayName>Tracking Time Window</displayName><value>window</value><description>Ignore entities having timestamp older than the specified 'Tracking Time Window' at the initial listing activity.</description></allowableValue><allowableValue><displayName>All Available</displayName><value>all</value><description>Regardless of entities timestamp, all existing entities will be listed at the initial listing activity.</description></allowableValue></allowableValues><required>false</required><sensitive>false</sensitive><expressionLanguageSupported>false</expressionLanguageSupported><expressionLanguageScope>NONE</expressionLanguageScope><dynamicallyModifiesClasspath>false</dynamicallyModifiesClasspath><dynamic>false</dynamic><dependencies><dependency><propertyName>listing-strategy</propertyName><propertyDisplayName>Listing Strategy</propertyDisplayName><dependentValues><dependentValue>entities</dependentValue></dependentValues></dependency></dependencies></property><property><name>record-writer</name><displayName>Record Writer</displayName><description>Specifies the Record Writer to use for creating the listing. If not specified, one FlowFile will be created for each entity that is listed. If the Record Writer is specified, all entities will be written to a single FlowFile instead of adding attributes to individual FlowFiles.</description><controllerServiceDefinition><className>org.apache.nifi.serialization.RecordSetWriterFactory</className><groupId>org.apache.nifi</groupId><artifactId>nifi-standard-services-api-nar</artifactId><version>2.0.0-M3</version></controllerServiceDefinition><required>false</required><sensitive>false</sensitive><expressionLanguageSupported>false</expressionLanguageSupported><expressionLanguageScope>NONE</expressionLanguageScope><dynamicallyModifiesClasspath>false</dynamicallyModifiesClasspath><dynamic>false</dynamic></property><property><name>proxy-configuration-service</name><displayName>Proxy Configuration Service</displayName><description>Specifies the Proxy Configuration Controller Service to proxy network requests. Supported proxies: HTTP + AuthN</description><controllerServiceDefinition><className>org.apache.nifi.proxy.ProxyConfigurationService</className><groupId>org.apache.nifi</groupId><artifactId>nifi-standard-services-api-nar</artifactId><version>2.0.0-M3</version></controllerServiceDefinition><required>false</required><sensitive>false</sensitive><expressionLanguageSupported>false</expressionLanguageSupported><expressionLanguageScope>NONE</expressionLanguageScope><dynamicallyModifiesClasspath>false</dynamicallyModifiesClasspath><dynamic>false</dynamic></property></properties><relationships><relationship><name>success</name><description>All FlowFiles that are received are routed to success</description><autoTerminated>false</autoTerminated></relationship></relationships><writesAttributes><writesAttribute><name>dropbox.id</name><description>The Dropbox identifier of the file</description></writesAttribute><writesAttribute><name>path</name><description>The folder path where the file is located</description></writesAttribute><writesAttribute><name>filename</name><description>The name of the file</description></writesAttribute><writesAttribute><name>dropbox.size</name><description>The size of the file</description></writesAttribute><writesAttribute><name>dropbox.timestamp</name><description>The server modified time of the file</description></writesAttribute><writesAttribute><name>dropbox.revision</name><description>Revision of the file</description></writesAttribute></writesAttributes><triggerSerially>true</triggerSerially><primaryNodeOnly>true</primaryNodeOnly><stateful><description>The processor stores necessary data to be able to keep track what files have been listed already. What exactly needs to be stored depends on the 'Listing Strategy'.</description><scopes><scope>CLUSTER</scope></scopes></stateful><inputRequirement>INPUT_FORBIDDEN</inputRequirement><seeAlso><see>org.apache.nifi.processors.dropbox.FetchDropbox</see><see>org.apache.nifi.processors.dropbox.PutDropbox</see></seeAlso><defaultSchedule><strategy>TIMER_DRIVEN</strategy><period>1 min</period><concurrentTasks>1</concurrentTasks></defaultSchedule></extension><extension><name>org.apache.nifi.processors.dropbox.PutDropbox</name><type>PROCESSOR</type><description>Puts content to a Dropbox folder.</description><tags><tag>dropbox</tag><tag>storage</tag><tag>put</tag></tags><properties><property><name>dropbox-credential-service</name><displayName>Dropbox Credential Service</displayName><description>Controller Service used to obtain Dropbox credentials (App Key, App Secret, Access Token, Refresh Token). See controller service's Additional Details for more information.</description><controllerServiceDefinition><className>org.apache.nifi.dropbox.credentials.service.DropboxCredentialService</className><groupId>org.apache.nifi</groupId><artifactId>nifi-dropbox-services-api-nar</artifactId><version>2.0.0-M3</version></controllerServiceDefinition><required>true</required><sensitive>false</sensitive><expressionLanguageSupported>false</expressionLanguageSupported><expressionLanguageScope>NONE</expressionLanguageScope><dynamicallyModifiesClasspath>false</dynamicallyModifiesClasspath><dynamic>false</dynamic></property><property><name>folder</name><displayName>Folder</displayName><description>The path of the Dropbox folder to upload files to. The folder will be created if it does not exist yet.</description><defaultValue>/</defaultValue><required>true</required><sensitive>false</sensitive><expressionLanguageSupported>true</expressionLanguageSupported><expressionLanguageScope>FLOWFILE_ATTRIBUTES</expressionLanguageScope><dynamicallyModifiesClasspath>false</dynamicallyModifiesClasspath><dynamic>false</dynamic></property><property><name>file-name</name><displayName>Filename</displayName><description>The full name of the file to upload.</description><defaultValue>${filename}</defaultValue><required>true</required><sensitive>false</sensitive><expressionLanguageSupported>true</expressionLanguageSupported><expressionLanguageScope>FLOWFILE_ATTRIBUTES</expressionLanguageScope><dynamicallyModifiesClasspath>false</dynamicallyModifiesClasspath><dynamic>false</dynamic></property><property><name>conflict-resolution-strategy</name><displayName>Conflict Resolution Strategy</displayName><description>Indicates what should happen when a file with the same name already exists in the specified Dropbox folder.</description><defaultValue>fail</defaultValue><allowableValues><allowableValue><displayName>fail</displayName><value>fail</value><description>Handle file conflict as failure.</description></allowableValue><allowableValue><displayName>ignore</displayName><value>ignore</value><description>Ignore conflict, do not change the original file.</description></allowableValue><allowableValue><displayName>replace</displayName><value>replace</value><description>Replace existing file in case of conflict.</description></allowableValue></allowableValues><required>true</required><sensitive>false</sensitive><expressionLanguageSupported>false</expressionLanguageSupported><expressionLanguageScope>NONE</expressionLanguageScope><dynamicallyModifiesClasspath>false</dynamicallyModifiesClasspath><dynamic>false</dynamic></property><property><name>chunked-upload-threshold</name><displayName>Chunked Upload Threshold</displayName><description>The maximum size of the content which is uploaded at once. FlowFiles larger than this threshold are uploaded in chunks. Maximum allowed value is 150 MB.</description><defaultValue>150 MB</defaultValue><required>false</required><sensitive>false</sensitive><expressionLanguageSupported>false</expressionLanguageSupported><expressionLanguageScope>NONE</expressionLanguageScope><dynamicallyModifiesClasspath>false</dynamicallyModifiesClasspath><dynamic>false</dynamic></property><property><name>chunked-upload-size</name><displayName>Chunked Upload Size</displayName><description>Defines the size of a chunk. Used when a FlowFile's size exceeds 'Chunked Upload Threshold' and content is uploaded in smaller chunks. It is recommended to specify chunked upload size smaller than 'Chunked Upload Threshold' and as multiples of 4 MB. Maximum allowed value is 150 MB.</description><defaultValue>8 MB</defaultValue><required>false</required><sensitive>false</sensitive><expressionLanguageSupported>false</expressionLanguageSupported><expressionLanguageScope>NONE</expressionLanguageScope><dynamicallyModifiesClasspath>false</dynamicallyModifiesClasspath><dynamic>false</dynamic></property><property><name>proxy-configuration-service</name><displayName>Proxy Configuration Service</displayName><description>Specifies the Proxy Configuration Controller Service to proxy network requests. Supported proxies: HTTP + AuthN</description><controllerServiceDefinition><className>org.apache.nifi.proxy.ProxyConfigurationService</className><groupId>org.apache.nifi</groupId><artifactId>nifi-standard-services-api-nar</artifactId><version>2.0.0-M3</version></controllerServiceDefinition><required>false</required><sensitive>false</sensitive><expressionLanguageSupported>false</expressionLanguageSupported><expressionLanguageScope>NONE</expressionLanguageScope><dynamicallyModifiesClasspath>false</dynamicallyModifiesClasspath><dynamic>false</dynamic></property></properties><relationships><relationship><name>success</name><description>Files that have been successfully written to Dropbox are transferred to this relationship.</description><autoTerminated>false</autoTerminated></relationship><relationship><name>failure</name><description>Files that could not be written to Dropbox for some reason are transferred to this relationship.</description><autoTerminated>false</autoTerminated></relationship></relationships><readsAttributes><readsAttribute><name>filename</name><description>Uses the FlowFile's filename as the filename for the Dropbox object.</description></readsAttribute></readsAttributes><writesAttributes><writesAttribute><name>error.message</name><description>The error message returned by Dropbox</description></writesAttribute><writesAttribute><name>dropbox.id</name><description>The Dropbox identifier of the file</description></writesAttribute><writesAttribute><name>path</name><description>The folder path where the file is located</description></writesAttribute><writesAttribute><name>filename</name><description>The name of the file</description></writesAttribute><writesAttribute><name>dropbox.size</name><description>The size of the file</description></writesAttribute><writesAttribute><name>dropbox.timestamp</name><description>The server modified time of the file</description></writesAttribute><writesAttribute><name>dropbox.revision</name><description>Revision of the file</description></writesAttribute></writesAttributes><inputRequirement>INPUT_REQUIRED</inputRequirement><seeAlso><see>org.apache.nifi.processors.dropbox.ListDropbox</see><see>org.apache.nifi.processors.dropbox.FetchDropbox</see></seeAlso></extension></extensions></extensionManifest>