<extensionManifest><groupId>org.apache.nifi</groupId><artifactId>nifi-registry-nar</artifactId><version>2.0.0-M3</version><parentNar><groupId>org.apache.nifi</groupId><artifactId>nifi-standard-shared-nar</artifactId><version>2.0.0-M3</version></parentNar><systemApiVersion>2.0.0-M3</systemApiVersion><buildInfo><tag>nifi-2.0.0-M3-RC1</tag></buildInfo><extensions><extension><name>org.apache.nifi.schemaregistry.services.AvroSchemaRegistry</name><type>CONTROLLER_SERVICE</type><description>Provides a service for registering and accessing schemas. You can register a schema as a dynamic property where 'name' represents the schema name and 'value' represents the textual representation of the actual schema following the syntax and semantics of Avro's Schema format.</description><tags><tag>schema</tag><tag>registry</tag><tag>avro</tag><tag>json</tag><tag>csv</tag></tags><properties><property><name>avro-reg-validated-field-names</name><displayName>Validate Field Names</displayName><description>Whether or not to validate the field names in the Avro schema based on Avro naming rules. If set to true, all field names must be valid Avro names, which must begin with [A-Za-z_], and subsequently contain only [A-Za-z0-9_]. If set to false, no validation will be performed on the field names.</description><defaultValue>true</defaultValue><allowableValues><allowableValue><displayName>true</displayName><value>true</value><description></description></allowableValue><allowableValue><displayName>false</displayName><value>false</value><description></description></allowableValue></allowableValues><required>true</required><sensitive>false</sensitive><expressionLanguageSupported>false</expressionLanguageSupported><expressionLanguageScope>NONE</expressionLanguageScope><dynamicallyModifiesClasspath>false</dynamicallyModifiesClasspath><dynamic>false</dynamic></property></properties><dynamicProperties><dynamicProperty><name>Schema name</name><value>Schema Content</value><description>Adds a named schema using the JSON string representation of an Avro schema</description><expressionLanguageScope>NONE</expressionLanguageScope></dynamicProperty></dynamicProperties><providedServiceAPIs><providedServiceAPI><className>org.apache.nifi.schemaregistry.services.SchemaRegistry</className><groupId>org.apache.nifi</groupId><artifactId>nifi-standard-services-api-nar</artifactId><version>2.0.0-M3</version></providedServiceAPI></providedServiceAPIs></extension><extension><name>org.apache.nifi.schemaregistry.services.StandardJsonSchemaRegistry</name><type>CONTROLLER_SERVICE</type><description>Provides a service for registering and accessing JSON schemas. One can register a schema as a dynamic property where 'name' represents the schema name and 'value' represents the textual representation of the actual schema following the syntax and semantics of the JSON Schema format. Empty schemas and schemas only consisting of whitespace are not acceptable schemas.The registry is heterogeneous registry as it can store schemas of different schema draft versions. By default the registry is configured to store schemas of Draft 2020-12. When a schema is added, the version which is currently is set, is what the schema is saved as.</description><tags><tag>schema</tag><tag>registry</tag><tag>json</tag></tags><properties><property><name>JSON Schema Version</name><displayName>JSON Schema Version</displayName><description>The JSON schema specification</description><defaultValue>DRAFT_2020_12</defaultValue><allowableValues><allowableValue><displayName>Draft 4</displayName><value>DRAFT_4</value><description>Draft Version 4</description></allowableValue><allowableValue><displayName>Draft 6</displayName><value>DRAFT_6</value><description>Draft Version 6</description></allowableValue><allowableValue><displayName>Draft 7</displayName><value>DRAFT_7</value><description>Draft Version 7</description></allowableValue><allowableValue><displayName>Draft 2019-09</displayName><value>DRAFT_2019_09</value><description>Draft Version 2019-09</description></allowableValue><allowableValue><displayName>Draft 2020-12</displayName><value>DRAFT_2020_12</value><description>Draft Version 2020-12</description></allowableValue></allowableValues><required>true</required><sensitive>false</sensitive><expressionLanguageSupported>false</expressionLanguageSupported><expressionLanguageScope>NONE</expressionLanguageScope><dynamicallyModifiesClasspath>false</dynamicallyModifiesClasspath><dynamic>false</dynamic></property></properties><dynamicProperties><dynamicProperty><name>Schema Name</name><value>Schema Content</value><description>Adds a named schema using the JSON string representation of a JSON schema</description><expressionLanguageScope>NONE</expressionLanguageScope></dynamicProperty></dynamicProperties><providedServiceAPIs><providedServiceAPI><className>org.apache.nifi.schemaregistry.services.JsonSchemaRegistry</className><groupId>org.apache.nifi</groupId><artifactId>nifi-standard-services-api-nar</artifactId><version>2.0.0-M3</version></providedServiceAPI></providedServiceAPIs></extension></extensions></extensionManifest>