<extensionManifest><groupId>org.apache.nifi</groupId><artifactId>nifi-record-sink-service-nar</artifactId><version>2.0.0-M3</version><parentNar><groupId>org.apache.nifi</groupId><artifactId>nifi-standard-shared-nar</artifactId><version>2.0.0-M3</version></parentNar><systemApiVersion>2.0.0-M3</systemApiVersion><buildInfo><tag>nifi-2.0.0-M3-RC1</tag></buildInfo><extensions><extension><name>org.apache.nifi.record.sink.EmailRecordSink</name><type>CONTROLLER_SERVICE</type><description>Provides a RecordSinkService that can be used to send records in email using the specified writer for formatting.</description><tags><tag>email</tag><tag>smtp</tag><tag>record</tag><tag>sink</tag><tag>send</tag><tag>write</tag></tags><properties><property><name>from</name><displayName>From</displayName><description>Specifies the Email address to use as the sender. Comma separated sequence of addresses following RFC822 syntax.</description><required>true</required><sensitive>false</sensitive><expressionLanguageSupported>true</expressionLanguageSupported><expressionLanguageScope>ENVIRONMENT</expressionLanguageScope><dynamicallyModifiesClasspath>false</dynamicallyModifiesClasspath><dynamic>false</dynamic></property><property><name>to</name><displayName>To</displayName><description>The recipients to include in the To-Line of the email. Comma separated sequence of addresses following RFC822 syntax.</description><required>false</required><sensitive>false</sensitive><expressionLanguageSupported>true</expressionLanguageSupported><expressionLanguageScope>ENVIRONMENT</expressionLanguageScope><dynamicallyModifiesClasspath>false</dynamicallyModifiesClasspath><dynamic>false</dynamic></property><property><name>cc</name><displayName>CC</displayName><description>The recipients to include in the CC-Line of the email. Comma separated sequence of addresses following RFC822 syntax.</description><required>false</required><sensitive>false</sensitive><expressionLanguageSupported>true</expressionLanguageSupported><expressionLanguageScope>ENVIRONMENT</expressionLanguageScope><dynamicallyModifiesClasspath>false</dynamicallyModifiesClasspath><dynamic>false</dynamic></property><property><name>bcc</name><displayName>BCC</displayName><description>The recipients to include in the BCC-Line of the email. Comma separated sequence of addresses following RFC822 syntax.</description><required>false</required><sensitive>false</sensitive><expressionLanguageSupported>true</expressionLanguageSupported><expressionLanguageScope>ENVIRONMENT</expressionLanguageScope><dynamicallyModifiesClasspath>false</dynamicallyModifiesClasspath><dynamic>false</dynamic></property><property><name>subject</name><displayName>Subject</displayName><description>The email subject</description><defaultValue>Message from NiFi</defaultValue><required>true</required><sensitive>false</sensitive><expressionLanguageSupported>true</expressionLanguageSupported><expressionLanguageScope>ENVIRONMENT</expressionLanguageScope><dynamicallyModifiesClasspath>false</dynamicallyModifiesClasspath><dynamic>false</dynamic></property><property><name>smtp-hostname</name><displayName>SMTP Hostname</displayName><description>The hostname of the SMTP Server that is used to send Email Notifications</description><required>true</required><sensitive>false</sensitive><expressionLanguageSupported>false</expressionLanguageSupported><expressionLanguageScope>NONE</expressionLanguageScope><dynamicallyModifiesClasspath>false</dynamicallyModifiesClasspath><dynamic>false</dynamic></property><property><name>smtp-port</name><displayName>SMTP Port</displayName><description>The Port used for SMTP communications</description><defaultValue>25</defaultValue><required>true</required><sensitive>false</sensitive><expressionLanguageSupported>true</expressionLanguageSupported><expressionLanguageScope>ENVIRONMENT</expressionLanguageScope><dynamicallyModifiesClasspath>false</dynamicallyModifiesClasspath><dynamic>false</dynamic></property><property><name>smtp-auth</name><displayName>SMTP Auth</displayName><description>Flag indicating whether authentication should be used</description><defaultValue>true</defaultValue><required>true</required><sensitive>false</sensitive><expressionLanguageSupported>true</expressionLanguageSupported><expressionLanguageScope>ENVIRONMENT</expressionLanguageScope><dynamicallyModifiesClasspath>false</dynamicallyModifiesClasspath><dynamic>false</dynamic></property><property><name>smtp-username</name><displayName>SMTP Username</displayName><description>Username for the SMTP account</description><required>false</required><sensitive>false</sensitive><expressionLanguageSupported>true</expressionLanguageSupported><expressionLanguageScope>ENVIRONMENT</expressionLanguageScope><dynamicallyModifiesClasspath>false</dynamicallyModifiesClasspath><dynamic>false</dynamic><dependencies><dependency><propertyName>smtp-auth</propertyName><propertyDisplayName>SMTP Auth</propertyDisplayName><dependentValues><dependentValue>true</dependentValue></dependentValues></dependency></dependencies></property><property><name>smtp-password</name><displayName>SMTP Password</displayName><description>Password for the SMTP account</description><required>false</required><sensitive>true</sensitive><expressionLanguageSupported>true</expressionLanguageSupported><expressionLanguageScope>ENVIRONMENT</expressionLanguageScope><dynamicallyModifiesClasspath>false</dynamicallyModifiesClasspath><dynamic>false</dynamic><dependencies><dependency><propertyName>smtp-auth</propertyName><propertyDisplayName>SMTP Auth</propertyDisplayName><dependentValues><dependentValue>true</dependentValue></dependentValues></dependency></dependencies></property><property><name>smtp-starttls</name><displayName>SMTP STARTTLS</displayName><description>Flag indicating whether STARTTLS should be enabled. If the server does not support STARTTLS, the connection continues without the use of TLS</description><defaultValue>false</defaultValue><required>true</required><sensitive>false</sensitive><expressionLanguageSupported>true</expressionLanguageSupported><expressionLanguageScope>ENVIRONMENT</expressionLanguageScope><dynamicallyModifiesClasspath>false</dynamicallyModifiesClasspath><dynamic>false</dynamic></property><property><name>smtp-ssl</name><displayName>SMTP SSL</displayName><description>Flag indicating whether SSL should be enabled</description><defaultValue>false</defaultValue><required>true</required><sensitive>false</sensitive><expressionLanguageSupported>true</expressionLanguageSupported><expressionLanguageScope>ENVIRONMENT</expressionLanguageScope><dynamicallyModifiesClasspath>false</dynamicallyModifiesClasspath><dynamic>false</dynamic></property><property><name>smtp-xmailer-header</name><displayName>SMTP X-Mailer Header</displayName><description>X-Mailer used in the header of the outgoing email</description><defaultValue>NiFi</defaultValue><required>true</required><sensitive>false</sensitive><expressionLanguageSupported>true</expressionLanguageSupported><expressionLanguageScope>ENVIRONMENT</expressionLanguageScope><dynamicallyModifiesClasspath>false</dynamicallyModifiesClasspath><dynamic>false</dynamic></property><property><name>record-sink-record-writer</name><displayName>Record Writer</displayName><description>Specifies the Controller Service to use for writing out the records.</description><controllerServiceDefinition><className>org.apache.nifi.serialization.RecordSetWriterFactory</className><groupId>org.apache.nifi</groupId><artifactId>nifi-standard-services-api-nar</artifactId><version>2.0.0-M3</version></controllerServiceDefinition><required>true</required><sensitive>false</sensitive><expressionLanguageSupported>false</expressionLanguageSupported><expressionLanguageScope>NONE</expressionLanguageScope><dynamicallyModifiesClasspath>false</dynamicallyModifiesClasspath><dynamic>false</dynamic></property></properties><providedServiceAPIs><providedServiceAPI><className>org.apache.nifi.record.sink.RecordSinkService</className><groupId>org.apache.nifi</groupId><artifactId>nifi-standard-services-api-nar</artifactId><version>2.0.0-M3</version></providedServiceAPI></providedServiceAPIs></extension><extension><name>org.apache.nifi.record.sink.LoggingRecordSink</name><type>CONTROLLER_SERVICE</type><description>Provides a RecordSinkService that can be used to log records to the application log (nifi-app.log, e.g.) using the specified writer for formatting.</description><tags><tag>record</tag><tag>sink</tag><tag>log</tag></tags><properties><property><name>record-sink-record-writer</name><displayName>Record Writer</displayName><description>Specifies the Controller Service to use for writing out the records.</description><controllerServiceDefinition><className>org.apache.nifi.serialization.RecordSetWriterFactory</className><groupId>org.apache.nifi</groupId><artifactId>nifi-standard-services-api-nar</artifactId><version>2.0.0-M3</version></controllerServiceDefinition><required>true</required><sensitive>false</sensitive><expressionLanguageSupported>false</expressionLanguageSupported><expressionLanguageScope>NONE</expressionLanguageScope><dynamicallyModifiesClasspath>false</dynamicallyModifiesClasspath><dynamic>false</dynamic></property><property><name>logsink-log-level</name><displayName>Log Level</displayName><description>The Log Level at which to log records (INFO, DEBUG, e.g.)</description><defaultValue>INFO</defaultValue><allowableValues><allowableValue><displayName>TRACE</displayName><value>TRACE</value><description></description></allowableValue><allowableValue><displayName>DEBUG</displayName><value>DEBUG</value><description></description></allowableValue><allowableValue><displayName>INFO</displayName><value>INFO</value><description></description></allowableValue><allowableValue><displayName>WARN</displayName><value>WARN</value><description></description></allowableValue><allowableValue><displayName>ERROR</displayName><value>ERROR</value><description></description></allowableValue><allowableValue><displayName>FATAL</displayName><value>FATAL</value><description></description></allowableValue><allowableValue><displayName>NONE</displayName><value>NONE</value><description></description></allowableValue></allowableValues><required>true</required><sensitive>false</sensitive><expressionLanguageSupported>false</expressionLanguageSupported><expressionLanguageScope>NONE</expressionLanguageScope><dynamicallyModifiesClasspath>false</dynamicallyModifiesClasspath><dynamic>false</dynamic></property></properties><providedServiceAPIs><providedServiceAPI><className>org.apache.nifi.record.sink.RecordSinkService</className><groupId>org.apache.nifi</groupId><artifactId>nifi-standard-services-api-nar</artifactId><version>2.0.0-M3</version></providedServiceAPI></providedServiceAPIs></extension><extension><name>org.apache.nifi.record.sink.event.UDPEventRecordSink</name><type>CONTROLLER_SERVICE</type><description>Format and send Records as UDP Datagram Packets to a configurable destination</description><tags><tag>UDP</tag><tag>event</tag><tag>record</tag><tag>sink</tag></tags><properties><property><name>hostname</name><displayName>Hostname</displayName><description>Destination hostname or IP address</description><required>true</required><sensitive>false</sensitive><expressionLanguageSupported>true</expressionLanguageSupported><expressionLanguageScope>ENVIRONMENT</expressionLanguageScope><dynamicallyModifiesClasspath>false</dynamicallyModifiesClasspath><dynamic>false</dynamic></property><property><name>port</name><displayName>Port</displayName><description>Destination port number</description><required>true</required><sensitive>false</sensitive><expressionLanguageSupported>true</expressionLanguageSupported><expressionLanguageScope>ENVIRONMENT</expressionLanguageScope><dynamicallyModifiesClasspath>false</dynamicallyModifiesClasspath><dynamic>false</dynamic></property><property><name>record-sink-record-writer</name><displayName>Record Writer</displayName><description>Specifies the Controller Service to use for writing out the records.</description><controllerServiceDefinition><className>org.apache.nifi.serialization.RecordSetWriterFactory</className><groupId>org.apache.nifi</groupId><artifactId>nifi-standard-services-api-nar</artifactId><version>2.0.0-M3</version></controllerServiceDefinition><required>true</required><sensitive>false</sensitive><expressionLanguageSupported>false</expressionLanguageSupported><expressionLanguageScope>NONE</expressionLanguageScope><dynamicallyModifiesClasspath>false</dynamicallyModifiesClasspath><dynamic>false</dynamic></property><property><name>sender-threads</name><displayName>Sender Threads</displayName><description>Number of worker threads allocated for handling socket communication</description><defaultValue>2</defaultValue><required>true</required><sensitive>false</sensitive><expressionLanguageSupported>true</expressionLanguageSupported><expressionLanguageScope>ENVIRONMENT</expressionLanguageScope><dynamicallyModifiesClasspath>false</dynamicallyModifiesClasspath><dynamic>false</dynamic></property></properties><providedServiceAPIs><providedServiceAPI><className>org.apache.nifi.record.sink.RecordSinkService</className><groupId>org.apache.nifi</groupId><artifactId>nifi-standard-services-api-nar</artifactId><version>2.0.0-M3</version></providedServiceAPI></providedServiceAPIs></extension><extension><name>org.apache.nifi.record.sink.lookup.RecordSinkServiceLookup</name><type>CONTROLLER_SERVICE</type><description>Provides a RecordSinkService that can be used to dynamically select another RecordSinkService. This service requires an attribute named 'record.sink.name' to be passed in when asking for a connection, and will throw an exception if the attribute is missing. The value of 'record.sink.name' will be used to select the RecordSinkService that has been registered with that name. This will allow multiple RecordSinkServices to be defined and registered, and then selected dynamically at runtime by tagging flow files with the appropriate 'record.sink.name' attribute. Note that this controller service is not intended for use in reporting tasks that employ RecordSinkService instances, such as QueryNiFiReportingTask.</description><tags><tag>record</tag><tag>sink</tag><tag>lookup</tag></tags><dynamicProperties><dynamicProperty><name>The name to register the specified RecordSinkService</name><value>The RecordSinkService</value><description>If 'record.sink.name' attribute contains the name of the dynamic property, then the RecordSinkService (registered in the value) will be selected.</description><expressionLanguageScope>NONE</expressionLanguageScope></dynamicProperty></dynamicProperties><providedServiceAPIs><providedServiceAPI><className>org.apache.nifi.record.sink.RecordSinkService</className><groupId>org.apache.nifi</groupId><artifactId>nifi-standard-services-api-nar</artifactId><version>2.0.0-M3</version></providedServiceAPI></providedServiceAPIs></extension></extensions></extensionManifest>