<extensionManifest><groupId>org.apache.nifi</groupId><artifactId>nifi-smb-smbj-client-nar</artifactId><version>2.0.0-M3</version><parentNar><groupId>org.apache.nifi</groupId><artifactId>nifi-smb-client-api-nar</artifactId><version>2.0.0-M3</version></parentNar><systemApiVersion>2.0.0-M3</systemApiVersion><buildInfo><tag>nifi-2.0.0-M3-RC1</tag></buildInfo><extensions><extension><name>org.apache.nifi.services.smb.SmbjClientProviderService</name><type>CONTROLLER_SERVICE</type><description>Provides access to SMB Sessions with shared authentication credentials.</description><tags><tag>samba, smb, cifs, files</tag></tags><properties><property><name>hostname</name><displayName>Hostname</displayName><description>The network host of the SMB file server.</description><required>true</required><sensitive>false</sensitive><expressionLanguageSupported>false</expressionLanguageSupported><expressionLanguageScope>NONE</expressionLanguageScope><dynamicallyModifiesClasspath>false</dynamicallyModifiesClasspath><dynamic>false</dynamic></property><property><name>port</name><displayName>Port</displayName><description>Port to use for connection.</description><defaultValue>445</defaultValue><required>true</required><sensitive>false</sensitive><expressionLanguageSupported>false</expressionLanguageSupported><expressionLanguageScope>NONE</expressionLanguageScope><dynamicallyModifiesClasspath>false</dynamicallyModifiesClasspath><dynamic>false</dynamic></property><property><name>share</name><displayName>Share</displayName><description>The network share to which files should be listed from. This is the "first folder"after the hostname: smb://hostname:port/[share]/dir1/dir2</description><required>true</required><sensitive>false</sensitive><expressionLanguageSupported>false</expressionLanguageSupported><expressionLanguageScope>NONE</expressionLanguageScope><dynamicallyModifiesClasspath>false</dynamicallyModifiesClasspath><dynamic>false</dynamic></property><property><name>username</name><displayName>Username</displayName><description>The username used for authentication.</description><defaultValue>Guest</defaultValue><required>false</required><sensitive>false</sensitive><expressionLanguageSupported>false</expressionLanguageSupported><expressionLanguageScope>NONE</expressionLanguageScope><dynamicallyModifiesClasspath>false</dynamicallyModifiesClasspath><dynamic>false</dynamic></property><property><name>password</name><displayName>Password</displayName><description>The password used for authentication.</description><required>false</required><sensitive>true</sensitive><expressionLanguageSupported>false</expressionLanguageSupported><expressionLanguageScope>NONE</expressionLanguageScope><dynamicallyModifiesClasspath>false</dynamicallyModifiesClasspath><dynamic>false</dynamic></property><property><name>domain</name><displayName>Domain</displayName><description>The domain used for authentication. Optional, in most cases username and password is sufficient.</description><required>false</required><sensitive>false</sensitive><expressionLanguageSupported>false</expressionLanguageSupported><expressionLanguageScope>NONE</expressionLanguageScope><dynamicallyModifiesClasspath>false</dynamicallyModifiesClasspath><dynamic>false</dynamic></property><property><name>smb-dialect</name><displayName>SMB Dialect</displayName><description>The SMB dialect is negotiated between the client and the server by default to the highest common version supported by both end. In some rare cases, the client-server communication may fail with the automatically negotiated dialect. This property can be used to set the dialect explicitly (e.g. to downgrade to a lower version), when those situations would occur.</description><defaultValue>AUTO</defaultValue><allowableValues><allowableValue><displayName>AUTO</displayName><value>AUTO</value><description></description></allowableValue><allowableValue><displayName>SMB 2.0.2</displayName><value>SMB_2_0_2</value><description></description></allowableValue><allowableValue><displayName>SMB 2.1</displayName><value>SMB_2_1</value><description></description></allowableValue><allowableValue><displayName>SMB 3.0</displayName><value>SMB_3_0</value><description></description></allowableValue><allowableValue><displayName>SMB 3.0.2</displayName><value>SMB_3_0_2</value><description></description></allowableValue><allowableValue><displayName>SMB 3.1.1</displayName><value>SMB_3_1_1</value><description></description></allowableValue></allowableValues><required>true</required><sensitive>false</sensitive><expressionLanguageSupported>false</expressionLanguageSupported><expressionLanguageScope>NONE</expressionLanguageScope><dynamicallyModifiesClasspath>false</dynamicallyModifiesClasspath><dynamic>false</dynamic></property><property><name>use-encryption</name><displayName>Use Encryption</displayName><description>Turns on/off encrypted communication between the client and the server. The property's behavior is SMB dialect dependent: SMB 2.x does not support encryption and the property has no effect. In case of SMB 3.x, it is a hint/request to the server to turn encryption on if the server also supports it.</description><defaultValue>false</defaultValue><allowableValues><allowableValue><displayName>true</displayName><value>true</value><description></description></allowableValue><allowableValue><displayName>false</displayName><value>false</value><description></description></allowableValue></allowableValues><required>true</required><sensitive>false</sensitive><expressionLanguageSupported>false</expressionLanguageSupported><expressionLanguageScope>NONE</expressionLanguageScope><dynamicallyModifiesClasspath>false</dynamicallyModifiesClasspath><dynamic>false</dynamic></property><property><name>enable-dfs</name><displayName>Enable DFS</displayName><description>Enables accessing Distributed File System (DFS) and following DFS links during SMB operations.</description><defaultValue>false</defaultValue><allowableValues><allowableValue><displayName>true</displayName><value>true</value><description></description></allowableValue><allowableValue><displayName>false</displayName><value>false</value><description></description></allowableValue></allowableValues><required>true</required><sensitive>false</sensitive><expressionLanguageSupported>false</expressionLanguageSupported><expressionLanguageScope>NONE</expressionLanguageScope><dynamicallyModifiesClasspath>false</dynamicallyModifiesClasspath><dynamic>false</dynamic></property><property><name>timeout</name><displayName>Timeout</displayName><description>Timeout for read and write operations.</description><defaultValue>5 sec</defaultValue><required>true</required><sensitive>false</sensitive><expressionLanguageSupported>false</expressionLanguageSupported><expressionLanguageScope>NONE</expressionLanguageScope><dynamicallyModifiesClasspath>false</dynamicallyModifiesClasspath><dynamic>false</dynamic></property></properties><providedServiceAPIs><providedServiceAPI><className>org.apache.nifi.services.smb.SmbClientProviderService</className><groupId>org.apache.nifi</groupId><artifactId>nifi-smb-client-api-nar</artifactId><version>2.0.0-M3</version></providedServiceAPI></providedServiceAPIs></extension></extensions></extensionManifest>