<extensionManifest><groupId>org.apache.nifi</groupId><artifactId>nifi-poi-nar</artifactId><version>2.0.0-M3</version><parentNar><groupId>org.apache.nifi</groupId><artifactId>nifi-standard-shared-nar</artifactId><version>2.0.0-M3</version></parentNar><systemApiVersion>2.0.0-M3</systemApiVersion><buildInfo><tag>nifi-2.0.0-M3-RC1</tag></buildInfo><extensions><extension><name>org.apache.nifi.excel.ExcelReader</name><type>CONTROLLER_SERVICE</type><description>Parses a Microsoft Excel document returning each row in each sheet as a separate record. This reader allows for inferring a schema from all the required sheets or providing an explicit schema for interpreting the values.See Controller Service's Usage for further documentation. This reader is currently only capable of processing .xlsx (XSSF 2007 OOXML file format) Excel documents and not older .xls (HSSF '97(-2007) file format) documents.</description><tags><tag>excel</tag><tag>spreadsheet</tag><tag>xlsx</tag><tag>parse</tag><tag>record</tag><tag>row</tag><tag>reader</tag><tag>values</tag><tag>cell</tag></tags><properties><property><name>schema-access-strategy</name><displayName>Schema Access Strategy</displayName><description>Specifies how to obtain the schema that is to be used for interpreting the data.</description><defaultValue>infer-schema</defaultValue><allowableValues><allowableValue><displayName>Use 'Schema Name' Property</displayName><value>schema-name</value><description>The name of the Schema to use is specified by the 'Schema Name' Property. The value of this property is used to lookup the Schema in the configured Schema Registry service.</description></allowableValue><allowableValue><displayName>Use 'Schema Text' Property</displayName><value>schema-text-property</value><description>The text of the Schema itself is specified by the 'Schema Text' Property. The value of this property must be a valid Avro Schema. If Expression Language is used, the value of the 'Schema Text' property must be valid after substituting the expressions.</description></allowableValue><allowableValue><displayName>Schema Reference Reader</displayName><value>schema-reference-reader</value><description>The schema reference information will be provided through a configured Schema Reference Reader service implementation.</description></allowableValue><allowableValue><displayName>Infer Schema</displayName><value>infer-schema</value><description>The Schema of the data will be inferred automatically when the data is read. See component Usage and Additional Details for information about how the schema is inferred.</description></allowableValue></allowableValues><required>true</required><sensitive>false</sensitive><expressionLanguageSupported>false</expressionLanguageSupported><expressionLanguageScope>NONE</expressionLanguageScope><dynamicallyModifiesClasspath>false</dynamicallyModifiesClasspath><dynamic>false</dynamic></property><property><name>schema-registry</name><displayName>Schema Registry</displayName><description>Specifies the Controller Service to use for the Schema Registry</description><controllerServiceDefinition><className>org.apache.nifi.schemaregistry.services.SchemaRegistry</className><groupId>org.apache.nifi</groupId><artifactId>nifi-standard-services-api-nar</artifactId><version>2.0.0-M3</version></controllerServiceDefinition><required>false</required><sensitive>false</sensitive><expressionLanguageSupported>false</expressionLanguageSupported><expressionLanguageScope>NONE</expressionLanguageScope><dynamicallyModifiesClasspath>false</dynamicallyModifiesClasspath><dynamic>false</dynamic><dependencies><dependency><propertyName>schema-access-strategy</propertyName><propertyDisplayName>Schema Access Strategy</propertyDisplayName><dependentValues><dependentValue>schema-reference-reader</dependentValue><dependentValue>schema-name</dependentValue></dependentValues></dependency></dependencies></property><property><name>schema-name</name><displayName>Schema Name</displayName><description>Specifies the name of the schema to lookup in the Schema Registry property</description><defaultValue>${schema.name}</defaultValue><required>false</required><sensitive>false</sensitive><expressionLanguageSupported>true</expressionLanguageSupported><expressionLanguageScope>FLOWFILE_ATTRIBUTES</expressionLanguageScope><dynamicallyModifiesClasspath>false</dynamicallyModifiesClasspath><dynamic>false</dynamic><dependencies><dependency><propertyName>schema-access-strategy</propertyName><propertyDisplayName>Schema Access Strategy</propertyDisplayName><dependentValues><dependentValue>schema-name</dependentValue></dependentValues></dependency></dependencies></property><property><name>schema-version</name><displayName>Schema Version</displayName><description>Specifies the version of the schema to lookup in the Schema Registry. If not specified then the latest version of the schema will be retrieved.</description><required>false</required><sensitive>false</sensitive><expressionLanguageSupported>true</expressionLanguageSupported><expressionLanguageScope>FLOWFILE_ATTRIBUTES</expressionLanguageScope><dynamicallyModifiesClasspath>false</dynamicallyModifiesClasspath><dynamic>false</dynamic><dependencies><dependency><propertyName>schema-access-strategy</propertyName><propertyDisplayName>Schema Access Strategy</propertyDisplayName><dependentValues><dependentValue>schema-name</dependentValue></dependentValues></dependency></dependencies></property><property><name>schema-branch</name><displayName>Schema Branch</displayName><description>Specifies the name of the branch to use when looking up the schema in the Schema Registry property. If the chosen Schema Registry does not support branching, this value will be ignored.</description><required>false</required><sensitive>false</sensitive><expressionLanguageSupported>true</expressionLanguageSupported><expressionLanguageScope>FLOWFILE_ATTRIBUTES</expressionLanguageScope><dynamicallyModifiesClasspath>false</dynamicallyModifiesClasspath><dynamic>false</dynamic><dependencies><dependency><propertyName>schema-access-strategy</propertyName><propertyDisplayName>Schema Access Strategy</propertyDisplayName><dependentValues><dependentValue>schema-name</dependentValue></dependentValues></dependency></dependencies></property><property><name>schema-text</name><displayName>Schema Text</displayName><description>The text of an Avro-formatted Schema</description><defaultValue>${avro.schema}</defaultValue><required>false</required><sensitive>false</sensitive><expressionLanguageSupported>true</expressionLanguageSupported><expressionLanguageScope>FLOWFILE_ATTRIBUTES</expressionLanguageScope><dynamicallyModifiesClasspath>false</dynamicallyModifiesClasspath><dynamic>false</dynamic><dependencies><dependency><propertyName>schema-access-strategy</propertyName><propertyDisplayName>Schema Access Strategy</propertyDisplayName><dependentValues><dependentValue>schema-text-property</dependentValue></dependentValues></dependency></dependencies></property><property><name>schema-reference-reader</name><displayName>Schema Reference Reader</displayName><description>Service implementation responsible for reading FlowFile attributes or content to determine the Schema Reference Identifier</description><controllerServiceDefinition><className>org.apache.nifi.schemaregistry.services.SchemaReferenceReader</className><groupId>org.apache.nifi</groupId><artifactId>nifi-standard-services-api-nar</artifactId><version>2.0.0-M3</version></controllerServiceDefinition><required>true</required><sensitive>false</sensitive><expressionLanguageSupported>false</expressionLanguageSupported><expressionLanguageScope>NONE</expressionLanguageScope><dynamicallyModifiesClasspath>false</dynamicallyModifiesClasspath><dynamic>false</dynamic><dependencies><dependency><propertyName>schema-access-strategy</propertyName><propertyDisplayName>Schema Access Strategy</propertyDisplayName><dependentValues><dependentValue>schema-reference-reader</dependentValue></dependentValues></dependency></dependencies></property><property><name>Starting Row</name><displayName>Starting Row</displayName><description>The row number of the first row to start processing (One based). Use this to skip over rows of data at the top of a worksheet that are not part of the dataset.</description><defaultValue>1</defaultValue><required>true</required><sensitive>false</sensitive><expressionLanguageSupported>true</expressionLanguageSupported><expressionLanguageScope>FLOWFILE_ATTRIBUTES</expressionLanguageScope><dynamicallyModifiesClasspath>false</dynamicallyModifiesClasspath><dynamic>false</dynamic></property><property><name>Required Sheets</name><displayName>Required Sheets</displayName><description>Comma-separated list of Excel document sheet names whose rows should be extracted from the excel document. If this property is left blank then all the rows from all the sheets will be extracted from the Excel document. The list of names is case sensitive. Any sheets not specified in this value will be ignored. An exception will be thrown if a specified sheet(s) are not found.</description><required>false</required><sensitive>false</sensitive><expressionLanguageSupported>true</expressionLanguageSupported><expressionLanguageScope>FLOWFILE_ATTRIBUTES</expressionLanguageScope><dynamicallyModifiesClasspath>false</dynamicallyModifiesClasspath><dynamic>false</dynamic></property><property><name>Protection Type</name><displayName>Protection Type</displayName><description>Specifies whether an Excel spreadsheet is protected by a password or not.</description><defaultValue>UNPROTECTED</defaultValue><allowableValues><allowableValue><displayName>Unprotected</displayName><value>UNPROTECTED</value><description>An Excel spreadsheet not protected by a password</description></allowableValue><allowableValue><displayName>Password Protected</displayName><value>PASSWORD</value><description>An Excel spreadsheet protected by a password</description></allowableValue></allowableValues><required>true</required><sensitive>false</sensitive><expressionLanguageSupported>false</expressionLanguageSupported><expressionLanguageScope>NONE</expressionLanguageScope><dynamicallyModifiesClasspath>false</dynamicallyModifiesClasspath><dynamic>false</dynamic></property><property><name>Password</name><displayName>Password</displayName><description>The password for a password protected Excel spreadsheet</description><required>true</required><sensitive>true</sensitive><expressionLanguageSupported>false</expressionLanguageSupported><expressionLanguageScope>NONE</expressionLanguageScope><dynamicallyModifiesClasspath>false</dynamicallyModifiesClasspath><dynamic>false</dynamic><dependencies><dependency><propertyName>Protection Type</propertyName><propertyDisplayName>Protection Type</propertyDisplayName><dependentValues><dependentValue>PASSWORD</dependentValue></dependentValues></dependency></dependencies></property><property><name>Date Format</name><displayName>Date Format</displayName><description>Specifies the format to use when reading/writing Date fields. If not specified, Date fields will be assumed to be number of milliseconds since epoch (Midnight, Jan 1, 1970 GMT). If specified, the value must match the Java Simple Date Format (for example, MM/dd/yyyy for a two-digit month, followed by a two-digit day, followed by a four-digit year, all separated by '/' characters, as in 01/01/2017).</description><required>false</required><sensitive>false</sensitive><expressionLanguageSupported>false</expressionLanguageSupported><expressionLanguageScope>NONE</expressionLanguageScope><dynamicallyModifiesClasspath>false</dynamicallyModifiesClasspath><dynamic>false</dynamic></property><property><name>Time Format</name><displayName>Time Format</displayName><description>Specifies the format to use when reading/writing Time fields. If not specified, Time fields will be assumed to be number of milliseconds since epoch (Midnight, Jan 1, 1970 GMT). If specified, the value must match the Java Simple Date Format (for example, HH:mm:ss for a two-digit hour in 24-hour format, followed by a two-digit minute, followed by a two-digit second, all separated by ':' characters, as in 18:04:15).</description><required>false</required><sensitive>false</sensitive><expressionLanguageSupported>false</expressionLanguageSupported><expressionLanguageScope>NONE</expressionLanguageScope><dynamicallyModifiesClasspath>false</dynamicallyModifiesClasspath><dynamic>false</dynamic></property><property><name>Timestamp Format</name><displayName>Timestamp Format</displayName><description>Specifies the format to use when reading/writing Timestamp fields. If not specified, Timestamp fields will be assumed to be number of milliseconds since epoch (Midnight, Jan 1, 1970 GMT). If specified, the value must match the Java Simple Date Format (for example, MM/dd/yyyy HH:mm:ss for a two-digit month, followed by a two-digit day, followed by a four-digit year, all separated by '/' characters; and then followed by a two-digit hour in 24-hour format, followed by a two-digit minute, followed by a two-digit second, all separated by ':' characters, as in 01/01/2017 18:04:15).</description><required>false</required><sensitive>false</sensitive><expressionLanguageSupported>false</expressionLanguageSupported><expressionLanguageScope>NONE</expressionLanguageScope><dynamicallyModifiesClasspath>false</dynamicallyModifiesClasspath><dynamic>false</dynamic></property></properties><providedServiceAPIs><providedServiceAPI><className>org.apache.nifi.serialization.RecordReaderFactory</className><groupId>org.apache.nifi</groupId><artifactId>nifi-standard-services-api-nar</artifactId><version>2.0.0-M3</version></providedServiceAPI></providedServiceAPIs></extension></extensions></extensionManifest>