<extensionManifest><groupId>org.apache.nifi</groupId><artifactId>nifi-cdc-mysql-nar</artifactId><version>2.0.0-M3</version><parentNar><groupId>org.apache.nifi</groupId><artifactId>nifi-standard-shared-nar</artifactId><version>2.0.0-M3</version></parentNar><systemApiVersion>2.0.0-M3</systemApiVersion><buildInfo><tag>nifi-2.0.0-M3-RC1</tag></buildInfo><extensions><extension><name>org.apache.nifi.cdc.mysql.processors.CaptureChangeMySQL</name><type>PROCESSOR</type><description>Retrieves Change Data Capture (CDC) events from a MySQL database. CDC Events include INSERT, UPDATE, DELETE operations. Events are output as either a group of a specified number of events (the default is 1 so each event becomes its own flow file) or grouped as a full transaction (BEGIN to COMMIT). All events are ordered by the time at which the operation occurred. NOTE: If the processor is stopped before the specified number of events have been written to a flow file, the partial flow file will be output in order to maintain the consistency of the event stream.</description><tags><tag>sql</tag><tag>jdbc</tag><tag>cdc</tag><tag>mysql</tag><tag>transaction</tag><tag>event</tag></tags><properties><property><name>capture-change-mysql-hosts</name><displayName>MySQL Nodes</displayName><description>A list of hostname (and optional port) entries corresponding to nodes in a MySQL cluster. The entries should be comma separated using a colon (if the port is to be specified) such as host1:port,host2:port,....  For example mysql.myhost.com:3306. The port need not be specified, when omitted the default MySQL port value of 3306 will be used. This processor will attempt to connect to the hosts in the list in order. If one node goes down and failover is enabled for the cluster, then the processor will connect to the active node (assuming its node entry is specified in this property).</description><required>true</required><sensitive>false</sensitive><expressionLanguageSupported>true</expressionLanguageSupported><expressionLanguageScope>ENVIRONMENT</expressionLanguageScope><dynamicallyModifiesClasspath>false</dynamicallyModifiesClasspath><dynamic>false</dynamic></property><property><name>capture-change-mysql-driver-class</name><displayName>MySQL Driver Class Name</displayName><description>The class name of the MySQL database driver class</description><defaultValue>com.mysql.jdbc.Driver</defaultValue><required>true</required><sensitive>false</sensitive><expressionLanguageSupported>true</expressionLanguageSupported><expressionLanguageScope>ENVIRONMENT</expressionLanguageScope><dynamicallyModifiesClasspath>false</dynamicallyModifiesClasspath><dynamic>false</dynamic></property><property><name>capture-change-mysql-driver-locations</name><displayName>MySQL Driver Location(s)</displayName><description>Comma-separated list of files/folders and/or URLs containing the MySQL driver JAR and its dependencies (if any). For example '/var/tmp/mysql-connector-java-5.1.38-bin.jar'</description><required>false</required><sensitive>false</sensitive><expressionLanguageSupported>true</expressionLanguageSupported><expressionLanguageScope>ENVIRONMENT</expressionLanguageScope><dynamicallyModifiesClasspath>true</dynamicallyModifiesClasspath><dynamic>false</dynamic><resourceDefinition><cardinality>MULTIPLE</cardinality><resourceTypes><resourceType>FILE</resourceType><resourceType>DIRECTORY</resourceType><resourceType>URL</resourceType></resourceTypes></resourceDefinition></property><property><name>capture-change-mysql-username</name><displayName>Username</displayName><description>Username to access the MySQL cluster</description><required>false</required><sensitive>false</sensitive><expressionLanguageSupported>true</expressionLanguageSupported><expressionLanguageScope>ENVIRONMENT</expressionLanguageScope><dynamicallyModifiesClasspath>false</dynamicallyModifiesClasspath><dynamic>false</dynamic></property><property><name>capture-change-mysql-password</name><displayName>Password</displayName><description>Password to access the MySQL cluster</description><required>false</required><sensitive>true</sensitive><expressionLanguageSupported>true</expressionLanguageSupported><expressionLanguageScope>ENVIRONMENT</expressionLanguageScope><dynamicallyModifiesClasspath>false</dynamicallyModifiesClasspath><dynamic>false</dynamic></property><property><name>events-per-flowfile-strategy</name><displayName>Event Processing Strategy</displayName><description>Specifies the strategy to use when writing events to FlowFile(s), such as 'Max Events Per FlowFile'</description><defaultValue>MAX_EVENTS_PER_FLOWFILE</defaultValue><allowableValues><allowableValue><displayName>Max Events Per FlowFile</displayName><value>MAX_EVENTS_PER_FLOWFILE</value><description>This strategy causes at most the number of events specified in the 'Number of Events Per FlowFile' property to be written per FlowFile. If the processor is stopped before the specified number of events has been written (or the event queue becomes empty), the fewer number of events will still be written as a FlowFile before stopping.</description></allowableValue><allowableValue><displayName>One Transaction Per FlowFile</displayName><value>ONE_TRANSACTION_PER_FLOWFILE</value><description>This strategy causes each event from a transaction (from BEGIN to COMMIT) to be written to a FlowFile</description></allowableValue></allowableValues><required>true</required><sensitive>false</sensitive><expressionLanguageSupported>false</expressionLanguageSupported><expressionLanguageScope>NONE</expressionLanguageScope><dynamicallyModifiesClasspath>false</dynamicallyModifiesClasspath><dynamic>false</dynamic></property><property><name>number-of-events-per-flowfile</name><displayName>Events Per FlowFile</displayName><description>Specifies how many events should be written to a single FlowFile. If the processor is stopped before the specified number of events has been written,the events will still be written as a FlowFile before stopping.</description><defaultValue>1</defaultValue><required>true</required><sensitive>false</sensitive><expressionLanguageSupported>true</expressionLanguageSupported><expressionLanguageScope>ENVIRONMENT</expressionLanguageScope><dynamicallyModifiesClasspath>false</dynamicallyModifiesClasspath><dynamic>false</dynamic><dependencies><dependency><propertyName>events-per-flowfile-strategy</propertyName><propertyDisplayName>Event Processing Strategy</propertyDisplayName><dependentValues><dependentValue>MAX_EVENTS_PER_FLOWFILE</dependentValue></dependentValues></dependency></dependencies></property><property><name>capture-change-mysql-server-id</name><displayName>Server ID</displayName><description>The client connecting to the MySQL replication group is actually a simplified replica (server), and the Server ID value must be unique across the whole replication group (i.e. different from any other Server ID being used by any primary or replica). Thus, each instance of CaptureChangeMySQL must have a Server ID unique across the replication group. If the Server ID is not specified, it defaults to 65535.</description><required>false</required><sensitive>false</sensitive><expressionLanguageSupported>true</expressionLanguageSupported><expressionLanguageScope>ENVIRONMENT</expressionLanguageScope><dynamicallyModifiesClasspath>false</dynamicallyModifiesClasspath><dynamic>false</dynamic></property><property><name>capture-change-mysql-db-name-pattern</name><displayName>Database/Schema Name Pattern</displayName><description>A regular expression (regex) for matching databases (or schemas, depending on your RDBMS' terminology) against the list of CDC events. The regex must match the database name as it is stored in the RDBMS. If the property is not set, the database name will not be used to filter the CDC events. NOTE: DDL events, even if they affect different databases, are associated with the database used by the session to execute the DDL. This means if a connection is made to one database, but the DDL is issued against another, then the connected database will be the one matched against the specified pattern.</description><required>false</required><sensitive>false</sensitive><expressionLanguageSupported>false</expressionLanguageSupported><expressionLanguageScope>NONE</expressionLanguageScope><dynamicallyModifiesClasspath>false</dynamicallyModifiesClasspath><dynamic>false</dynamic></property><property><name>capture-change-mysql-name-pattern</name><displayName>Table Name Pattern</displayName><description>A regular expression (regex) for matching CDC events affecting matching tables. The regex must match the table name as it is stored in the database. If the property is not set, no events will be filtered based on table name.</description><required>false</required><sensitive>false</sensitive><expressionLanguageSupported>false</expressionLanguageSupported><expressionLanguageScope>NONE</expressionLanguageScope><dynamicallyModifiesClasspath>false</dynamicallyModifiesClasspath><dynamic>false</dynamic></property><property><name>capture-change-mysql-max-wait-time</name><displayName>Max Wait Time</displayName><description>The maximum amount of time allowed for a connection to be established, zero means there is effectively no limit.</description><defaultValue>30 seconds</defaultValue><required>true</required><sensitive>false</sensitive><expressionLanguageSupported>true</expressionLanguageSupported><expressionLanguageScope>ENVIRONMENT</expressionLanguageScope><dynamicallyModifiesClasspath>false</dynamicallyModifiesClasspath><dynamic>false</dynamic></property><property><name>capture-change-mysql-dist-map-cache-client</name><displayName>Distributed Map Cache Client - unused</displayName><description>This is a legacy property that is no longer used to store table information, the processor will handle the table information (column names, types, etc.)</description><controllerServiceDefinition><className>org.apache.nifi.distributed.cache.client.DistributedMapCacheClient</className><groupId>org.apache.nifi</groupId><artifactId>nifi-standard-services-api-nar</artifactId><version>2.0.0-M3</version></controllerServiceDefinition><required>false</required><sensitive>false</sensitive><expressionLanguageSupported>false</expressionLanguageSupported><expressionLanguageScope>NONE</expressionLanguageScope><dynamicallyModifiesClasspath>false</dynamicallyModifiesClasspath><dynamic>false</dynamic></property><property><name>capture-change-mysql-retrieve-all-records</name><displayName>Retrieve All Records</displayName><description>Specifies whether to get all available CDC events, regardless of the current binlog filename and/or position. If binlog filename and position values are present in the processor's State, this property's value is ignored. This allows for 4 different configurations: 1) If binlog data is available in processor State, that is used to determine the start location and the value of Retrieve All Records is ignored. 2) If no binlog data is in processor State, then Retrieve All Records set to true means start at the beginning of the binlog history. 3) If no binlog data is in processor State and Initial Binlog Filename/Position are not set, then Retrieve All Records set to false means start at the end of the binlog history. 4) If no binlog data is in processor State and Initial Binlog Filename/Position are set, then Retrieve All Records set to false means start at the specified initial binlog file/position. To reset the behavior, clear the processor state (refer to the State Management section of the processor's documentation).</description><defaultValue>true</defaultValue><allowableValues><allowableValue><displayName>true</displayName><value>true</value><description></description></allowableValue><allowableValue><displayName>false</displayName><value>false</value><description></description></allowableValue></allowableValues><required>true</required><sensitive>false</sensitive><expressionLanguageSupported>false</expressionLanguageSupported><expressionLanguageScope>NONE</expressionLanguageScope><dynamicallyModifiesClasspath>false</dynamicallyModifiesClasspath><dynamic>false</dynamic></property><property><name>capture-change-mysql-include-begin-commit</name><displayName>Include Begin/Commit Events</displayName><description>Specifies whether to emit events corresponding to a BEGIN or COMMIT event in the binary log. Set to true if the BEGIN/COMMIT events are necessary in the downstream flow, otherwise set to false, which suppresses generation of these events and can increase flow performance.</description><defaultValue>false</defaultValue><allowableValues><allowableValue><displayName>true</displayName><value>true</value><description></description></allowableValue><allowableValue><displayName>false</displayName><value>false</value><description></description></allowableValue></allowableValues><required>true</required><sensitive>false</sensitive><expressionLanguageSupported>false</expressionLanguageSupported><expressionLanguageScope>NONE</expressionLanguageScope><dynamicallyModifiesClasspath>false</dynamicallyModifiesClasspath><dynamic>false</dynamic></property><property><name>capture-change-mysql-include-ddl-events</name><displayName>Include DDL Events</displayName><description>Specifies whether to emit events corresponding to Data Definition Language (DDL) events such as ALTER TABLE, TRUNCATE TABLE, e.g. in the binary log. Set to true if the DDL events are desired/necessary in the downstream flow, otherwise set to false, which suppresses generation of these events and can increase flow performance.</description><defaultValue>false</defaultValue><allowableValues><allowableValue><displayName>true</displayName><value>true</value><description></description></allowableValue><allowableValue><displayName>false</displayName><value>false</value><description></description></allowableValue></allowableValues><required>true</required><sensitive>false</sensitive><expressionLanguageSupported>false</expressionLanguageSupported><expressionLanguageScope>NONE</expressionLanguageScope><dynamicallyModifiesClasspath>false</dynamicallyModifiesClasspath><dynamic>false</dynamic></property><property><name>capture-change-mysql-state-update-interval</name><displayName>State Update Interval</displayName><description>DEPRECATED. This property is no longer used and exists solely for backward compatibility purposes. Indicates how often to update the processor's state with binlog file/position values. A value of zero means that state will only be updated when the processor is stopped or shutdown. If at some point the processor state does not contain the desired binlog values, the last flow file emitted will contain the last observed values, and the processor can be returned to that state by using the Initial Binlog File, Initial Binlog Position, and Initial Sequence ID properties.</description><defaultValue>0 seconds</defaultValue><required>true</required><sensitive>false</sensitive><expressionLanguageSupported>true</expressionLanguageSupported><expressionLanguageScope>ENVIRONMENT</expressionLanguageScope><dynamicallyModifiesClasspath>false</dynamicallyModifiesClasspath><dynamic>false</dynamic></property><property><name>capture-change-mysql-init-seq-id</name><displayName>Initial Sequence ID</displayName><description>Specifies an initial sequence identifier to use if this processor's State does not have a current sequence identifier. If a sequence identifier is present in the processor's State, this property is ignored. Sequence identifiers are monotonically increasing integers that record the order of flow files generated by the processor. They can be used with the EnforceOrder processor to guarantee ordered delivery of CDC events.</description><required>false</required><sensitive>false</sensitive><expressionLanguageSupported>true</expressionLanguageSupported><expressionLanguageScope>ENVIRONMENT</expressionLanguageScope><dynamicallyModifiesClasspath>false</dynamicallyModifiesClasspath><dynamic>false</dynamic></property><property><name>capture-change-mysql-init-binlog-filename</name><displayName>Initial Binlog Filename</displayName><description>Specifies an initial binlog filename to use if this processor's State does not have a current binlog filename. If a filename is present in the processor's State or "Use GTID" property is set to false, this property is ignored. This can be used along with Initial Binlog Position to "skip ahead" if previous events are not desired. Note that NiFi Expression Language is supported, but this property is evaluated when the processor is configured, so FlowFile attributes may not be used. Expression Language is supported to enable the use of the environment properties.</description><required>false</required><sensitive>false</sensitive><expressionLanguageSupported>true</expressionLanguageSupported><expressionLanguageScope>ENVIRONMENT</expressionLanguageScope><dynamicallyModifiesClasspath>false</dynamicallyModifiesClasspath><dynamic>false</dynamic></property><property><name>capture-change-mysql-init-binlog-position</name><displayName>Initial Binlog Position</displayName><description>Specifies an initial offset into a binlog (specified by Initial Binlog Filename) to use if this processor's State does not have a current binlog filename. If a filename is present in the processor's State or "Use GTID" property is false, this property is ignored. This can be used along with Initial Binlog Filename to "skip ahead" if previous events are not desired. Note that NiFi Expression Language is supported, but this property is evaluated when the processor is configured, so FlowFile attributes may not be used. Expression Language is supported to enable the use of the environment properties.</description><required>false</required><sensitive>false</sensitive><expressionLanguageSupported>true</expressionLanguageSupported><expressionLanguageScope>ENVIRONMENT</expressionLanguageScope><dynamicallyModifiesClasspath>false</dynamicallyModifiesClasspath><dynamic>false</dynamic></property><property><name>capture-change-mysql-use-gtid</name><displayName>Use Binlog GTID</displayName><description>Specifies whether to use Global Transaction ID (GTID) for binlog tracking. If set to true, processor's state of binlog file name and position is ignored. The main benefit of using GTID is to have much reliable failover than using binlog filename/position.</description><defaultValue>false</defaultValue><allowableValues><allowableValue><displayName>true</displayName><value>true</value><description></description></allowableValue><allowableValue><displayName>false</displayName><value>false</value><description></description></allowableValue></allowableValues><required>true</required><sensitive>false</sensitive><expressionLanguageSupported>false</expressionLanguageSupported><expressionLanguageScope>NONE</expressionLanguageScope><dynamicallyModifiesClasspath>false</dynamicallyModifiesClasspath><dynamic>false</dynamic></property><property><name>capture-change-mysql-init-gtid</name><displayName>Initial Binlog GTID</displayName><description>Specifies an initial GTID to use if this processor's State does not have a current GTID. If a GTID is present in the processor's State or "Use GTID" property is set to false, this property is ignored. This can be used to "skip ahead" if previous events are not desired. Note that NiFi Expression Language is supported, but this property is evaluated when the processor is configured, so FlowFile attributes may not be used. Expression Language is supported to enable the use of the environment properties.</description><required>false</required><sensitive>false</sensitive><expressionLanguageSupported>true</expressionLanguageSupported><expressionLanguageScope>ENVIRONMENT</expressionLanguageScope><dynamicallyModifiesClasspath>false</dynamicallyModifiesClasspath><dynamic>false</dynamic></property><property><name>SSL Mode</name><displayName>SSL Mode</displayName><description>SSL Mode used when SSL Context Service configured supporting certificate verification options</description><defaultValue>DISABLED</defaultValue><allowableValues><allowableValue><displayName>DISABLED</displayName><value>DISABLED</value><description>Connect without TLS</description></allowableValue><allowableValue><displayName>PREFERRED</displayName><value>PREFERRED</value><description>Connect with TLS when server support enabled, otherwise connect without TLS</description></allowableValue><allowableValue><displayName>REQUIRED</displayName><value>REQUIRED</value><description>Connect with TLS or fail when server support not enabled</description></allowableValue><allowableValue><displayName>VERIFY_IDENTITY</displayName><value>VERIFY_IDENTITY</value><description>Connect with TLS or fail when server support not enabled. Verify server hostname matches presented X.509 certificate names or fail when not matched</description></allowableValue></allowableValues><required>true</required><sensitive>false</sensitive><expressionLanguageSupported>false</expressionLanguageSupported><expressionLanguageScope>NONE</expressionLanguageScope><dynamicallyModifiesClasspath>false</dynamicallyModifiesClasspath><dynamic>false</dynamic></property><property><name>SSL Context Service</name><displayName>SSL Context Service</displayName><description>SSL Context Service supporting encrypted socket communication</description><controllerServiceDefinition><className>org.apache.nifi.ssl.SSLContextService</className><groupId>org.apache.nifi</groupId><artifactId>nifi-standard-services-api-nar</artifactId><version>2.0.0-M3</version></controllerServiceDefinition><required>false</required><sensitive>false</sensitive><expressionLanguageSupported>false</expressionLanguageSupported><expressionLanguageScope>NONE</expressionLanguageScope><dynamicallyModifiesClasspath>false</dynamicallyModifiesClasspath><dynamic>false</dynamic><dependencies><dependency><propertyName>SSL Mode</propertyName><propertyDisplayName>SSL Mode</propertyDisplayName><dependentValues><dependentValue>PREFERRED</dependentValue><dependentValue>VERIFY_IDENTITY</dependentValue><dependentValue>REQUIRED</dependentValue></dependentValues></dependency></dependencies></property></properties><relationships><relationship><name>success</name><description>Successfully created FlowFile from SQL query result set.</description><autoTerminated>false</autoTerminated></relationship></relationships><writesAttributes><writesAttribute><name>cdc.sequence.id</name><description>A sequence identifier (i.e. strictly increasing integer value) specifying the order of the CDC event flow file relative to the other event flow file(s).</description></writesAttribute><writesAttribute><name>cdc.event.type</name><description>A string indicating the type of CDC event that occurred, including (but not limited to) 'begin', 'insert', 'update', 'delete', 'ddl' and 'commit'.</description></writesAttribute><writesAttribute><name>mime.type</name><description>The processor outputs flow file content in JSON format, and sets the mime.type attribute to application/json</description></writesAttribute></writesAttributes><triggerSerially>true</triggerSerially><primaryNodeOnly>true</primaryNodeOnly><stateful><description>Information such as a 'pointer' to the current CDC event in the database is stored by this processor, such that it can continue from the same location if restarted.</description><scopes><scope>CLUSTER</scope></scopes></stateful><restricted><restrictions><restriction><requiredPermission>reference remote resources</requiredPermission><explanation>Database Driver Location can reference resources over HTTP</explanation></restriction></restrictions></restricted><inputRequirement>INPUT_FORBIDDEN</inputRequirement></extension></extensions></extensionManifest>