<extensionManifest><groupId>org.apache.nifi</groupId><artifactId>nifi-kerberos-credentials-service-nar</artifactId><version>2.0.0-M3</version><parentNar><groupId>org.apache.nifi</groupId><artifactId>nifi-standard-services-api-nar</artifactId><version>2.0.0-M3</version></parentNar><systemApiVersion>2.0.0-M3</systemApiVersion><buildInfo><tag>nifi-2.0.0-M3-RC1</tag></buildInfo><extensions><extension><name>org.apache.nifi.kerberos.KeytabCredentialsService</name><type>CONTROLLER_SERVICE</type><description>Provides a mechanism for specifying a Keytab and a Principal that other components are able to use in order to perform authentication using Kerberos. By encapsulating this information into a Controller Service and allowing other components to make use of it (as opposed to specifying the principal and keytab directly in the processor) an administrator is able to choose which users are allowed to use which keytabs and principals. This provides a more robust security model for multi-tenant use cases.</description><tags><tag>Kerberos</tag><tag>Keytab</tag><tag>Principal</tag><tag>Credentials</tag><tag>Authentication</tag><tag>Security</tag></tags><properties><property><name>Kerberos Keytab</name><displayName>Kerberos Keytab</displayName><description>Kerberos keytab associated with the principal. Requires nifi.kerberos.krb5.file to be set in your nifi.properties</description><required>true</required><sensitive>false</sensitive><expressionLanguageSupported>true</expressionLanguageSupported><expressionLanguageScope>ENVIRONMENT</expressionLanguageScope><dynamicallyModifiesClasspath>false</dynamicallyModifiesClasspath><dynamic>false</dynamic><resourceDefinition><cardinality>SINGLE</cardinality><resourceTypes><resourceType>FILE</resourceType></resourceTypes></resourceDefinition></property><property><name>Kerberos Principal</name><displayName>Kerberos Principal</displayName><description>Kerberos principal to authenticate as. Requires nifi.kerberos.krb5.file to be set in your nifi.properties</description><required>true</required><sensitive>false</sensitive><expressionLanguageSupported>true</expressionLanguageSupported><expressionLanguageScope>ENVIRONMENT</expressionLanguageScope><dynamicallyModifiesClasspath>false</dynamicallyModifiesClasspath><dynamic>false</dynamic></property></properties><restricted><restrictions><restriction><requiredPermission>access keytab</requiredPermission><explanation>Allows user to define a Keytab and principal that can then be used by other components.</explanation></restriction></restrictions></restricted><providedServiceAPIs><providedServiceAPI><className>org.apache.nifi.kerberos.KerberosCredentialsService</className><groupId>org.apache.nifi</groupId><artifactId>nifi-standard-services-api-nar</artifactId><version>2.0.0-M3</version></providedServiceAPI></providedServiceAPIs></extension></extensions></extensionManifest>