<extensionManifest><groupId>org.apache.nifi</groupId><artifactId>nifi-file-resource-service-nar</artifactId><version>2.0.0-M3</version><parentNar><groupId>org.apache.nifi</groupId><artifactId>nifi-standard-services-api-nar</artifactId><version>2.0.0-M3</version></parentNar><systemApiVersion>2.0.0-M3</systemApiVersion><buildInfo><tag>nifi-2.0.0-M3-RC1</tag></buildInfo><extensions><extension><name>org.apache.nifi.fileresource.service.StandardFileResourceService</name><type>CONTROLLER_SERVICE</type><description>Provides a file resource for other components. The file needs to be available locally by Nifi (e.g. local disk or mounted storage). NiFi needs to have read permission to the file.</description><tags><tag>file</tag><tag>resource</tag></tags><properties><property><name>file-path</name><displayName>File Path</displayName><description>Path to a file that can be accessed locally.</description><defaultValue>${absolute.path}/${filename}</defaultValue><required>true</required><sensitive>false</sensitive><expressionLanguageSupported>true</expressionLanguageSupported><expressionLanguageScope>FLOWFILE_ATTRIBUTES</expressionLanguageScope><dynamicallyModifiesClasspath>false</dynamicallyModifiesClasspath><dynamic>false</dynamic><resourceDefinition><cardinality>SINGLE</cardinality><resourceTypes><resourceType>FILE</resourceType></resourceTypes></resourceDefinition></property></properties><restricted><restrictions><restriction><requiredPermission>read filesystem</requiredPermission><explanation>Provides operator the ability to read from any file that NiFi has access to.</explanation></restriction></restrictions></restricted><providedServiceAPIs><providedServiceAPI><className>org.apache.nifi.fileresource.service.api.FileResourceService</className><groupId>org.apache.nifi</groupId><artifactId>nifi-standard-services-api-nar</artifactId><version>2.0.0-M3</version></providedServiceAPI></providedServiceAPIs></extension></extensions></extensionManifest>