<extensionManifest><groupId>org.apache.nifi</groupId><artifactId>nifi-evtx-nar</artifactId><version>2.0.0-M3</version><systemApiVersion>2.0.0-M3</systemApiVersion><buildInfo><tag>nifi-2.0.0-M3-RC1</tag></buildInfo><extensions><extension><name>org.apache.nifi.processors.evtx.ParseEvtx</name><type>PROCESSOR</type><description>Parses the contents of a Windows Event Log file (evtx) and writes the resulting XML to the FlowFile</description><tags><tag>logs</tag><tag>windows</tag><tag>event</tag><tag>evtx</tag><tag>message</tag><tag>file</tag></tags><properties><property><name>granularity</name><displayName>Granularity</displayName><description>Output flow file for each Record, Chunk, or File encountered in the event log</description><defaultValue>Chunk</defaultValue><allowableValues><allowableValue><displayName>Record</displayName><value>Record</value><description></description></allowableValue><allowableValue><displayName>Chunk</displayName><value>Chunk</value><description></description></allowableValue><allowableValue><displayName>File</displayName><value>File</value><description></description></allowableValue></allowableValues><required>true</required><sensitive>false</sensitive><expressionLanguageSupported>false</expressionLanguageSupported><expressionLanguageScope>NONE</expressionLanguageScope><dynamicallyModifiesClasspath>false</dynamicallyModifiesClasspath><dynamic>false</dynamic></property></properties><relationships><relationship><name>success</name><description>Any FlowFile that was successfully converted from evtx to XML</description><autoTerminated>false</autoTerminated></relationship><relationship><name>failure</name><description>Any FlowFile that encountered an exception during conversion will be transferred to this relationship with as much parsing as possible done</description><autoTerminated>false</autoTerminated></relationship><relationship><name>original</name><description>The unmodified input FlowFile will be transferred to this relationship</description><autoTerminated>false</autoTerminated></relationship><relationship><name>bad chunk</name><description>Any bad chunks of records will be transferred to this relationship in their original binary form</description><autoTerminated>false</autoTerminated></relationship></relationships><readsAttributes><readsAttribute><name>filename</name><description>The filename of the evtx file</description></readsAttribute></readsAttributes><writesAttributes><writesAttribute><name>filename</name><description>The output filename</description></writesAttribute><writesAttribute><name>mime.type</name><description>The output filetype (application/xml for success and failure relationships, original value for bad chunk and original relationships)</description></writesAttribute></writesAttributes><supportsBatching>true</supportsBatching><sideEffectFree>true</sideEffectFree><inputRequirement>INPUT_REQUIRED</inputRequirement></extension></extensions></extensionManifest>