<extensionManifest><groupId>org.apache.nifi</groupId><artifactId>nifi-protobuf-services-nar</artifactId><version>2.0.0-M3</version><parentNar><groupId>org.apache.nifi</groupId><artifactId>nifi-standard-shared-nar</artifactId><version>2.0.0-M3</version></parentNar><systemApiVersion>2.0.0-M3</systemApiVersion><buildInfo><tag>nifi-2.0.0-M3-RC1</tag></buildInfo><extensions><extension><name>org.apache.nifi.services.protobuf.ProtobufReader</name><type>CONTROLLER_SERVICE</type><description>Parses a Protocol Buffers message from binary format.</description><tags><tag>protobuf</tag><tag>record</tag><tag>reader</tag><tag>parser</tag></tags><properties><property><name>schema-access-strategy</name><displayName>Schema Access Strategy</displayName><description>Specifies how to obtain the schema that is to be used for interpreting the data.</description><defaultValue>generate-from-proto-file</defaultValue><allowableValues><allowableValue><displayName>Use 'Schema Name' Property</displayName><value>schema-name</value><description>The name of the Schema to use is specified by the 'Schema Name' Property. The value of this property is used to lookup the Schema in the configured Schema Registry service.</description></allowableValue><allowableValue><displayName>Use 'Schema Text' Property</displayName><value>schema-text-property</value><description>The text of the Schema itself is specified by the 'Schema Text' Property. The value of this property must be a valid Avro Schema. If Expression Language is used, the value of the 'Schema Text' property must be valid after substituting the expressions.</description></allowableValue><allowableValue><displayName>Schema Reference Reader</displayName><value>schema-reference-reader</value><description>The schema reference information will be provided through a configured Schema Reference Reader service implementation.</description></allowableValue><allowableValue><displayName>Generate from Proto file</displayName><value>generate-from-proto-file</value><description>The record schema is generated from the provided proto file</description></allowableValue></allowableValues><required>true</required><sensitive>false</sensitive><expressionLanguageSupported>false</expressionLanguageSupported><expressionLanguageScope>NONE</expressionLanguageScope><dynamicallyModifiesClasspath>false</dynamicallyModifiesClasspath><dynamic>false</dynamic></property><property><name>schema-registry</name><displayName>Schema Registry</displayName><description>Specifies the Controller Service to use for the Schema Registry</description><controllerServiceDefinition><className>org.apache.nifi.schemaregistry.services.SchemaRegistry</className><groupId>org.apache.nifi</groupId><artifactId>nifi-standard-services-api-nar</artifactId><version>2.0.0-M3</version></controllerServiceDefinition><required>false</required><sensitive>false</sensitive><expressionLanguageSupported>false</expressionLanguageSupported><expressionLanguageScope>NONE</expressionLanguageScope><dynamicallyModifiesClasspath>false</dynamicallyModifiesClasspath><dynamic>false</dynamic><dependencies><dependency><propertyName>schema-access-strategy</propertyName><propertyDisplayName>Schema Access Strategy</propertyDisplayName><dependentValues><dependentValue>schema-reference-reader</dependentValue><dependentValue>schema-name</dependentValue></dependentValues></dependency></dependencies></property><property><name>schema-name</name><displayName>Schema Name</displayName><description>Specifies the name of the schema to lookup in the Schema Registry property</description><defaultValue>${schema.name}</defaultValue><required>false</required><sensitive>false</sensitive><expressionLanguageSupported>true</expressionLanguageSupported><expressionLanguageScope>FLOWFILE_ATTRIBUTES</expressionLanguageScope><dynamicallyModifiesClasspath>false</dynamicallyModifiesClasspath><dynamic>false</dynamic><dependencies><dependency><propertyName>schema-access-strategy</propertyName><propertyDisplayName>Schema Access Strategy</propertyDisplayName><dependentValues><dependentValue>schema-name</dependentValue></dependentValues></dependency></dependencies></property><property><name>schema-version</name><displayName>Schema Version</displayName><description>Specifies the version of the schema to lookup in the Schema Registry. If not specified then the latest version of the schema will be retrieved.</description><required>false</required><sensitive>false</sensitive><expressionLanguageSupported>true</expressionLanguageSupported><expressionLanguageScope>FLOWFILE_ATTRIBUTES</expressionLanguageScope><dynamicallyModifiesClasspath>false</dynamicallyModifiesClasspath><dynamic>false</dynamic><dependencies><dependency><propertyName>schema-access-strategy</propertyName><propertyDisplayName>Schema Access Strategy</propertyDisplayName><dependentValues><dependentValue>schema-name</dependentValue></dependentValues></dependency></dependencies></property><property><name>schema-branch</name><displayName>Schema Branch</displayName><description>Specifies the name of the branch to use when looking up the schema in the Schema Registry property. If the chosen Schema Registry does not support branching, this value will be ignored.</description><required>false</required><sensitive>false</sensitive><expressionLanguageSupported>true</expressionLanguageSupported><expressionLanguageScope>FLOWFILE_ATTRIBUTES</expressionLanguageScope><dynamicallyModifiesClasspath>false</dynamicallyModifiesClasspath><dynamic>false</dynamic><dependencies><dependency><propertyName>schema-access-strategy</propertyName><propertyDisplayName>Schema Access Strategy</propertyDisplayName><dependentValues><dependentValue>schema-name</dependentValue></dependentValues></dependency></dependencies></property><property><name>schema-text</name><displayName>Schema Text</displayName><description>The text of an Avro-formatted Schema</description><defaultValue>${avro.schema}</defaultValue><required>false</required><sensitive>false</sensitive><expressionLanguageSupported>true</expressionLanguageSupported><expressionLanguageScope>FLOWFILE_ATTRIBUTES</expressionLanguageScope><dynamicallyModifiesClasspath>false</dynamicallyModifiesClasspath><dynamic>false</dynamic><dependencies><dependency><propertyName>schema-access-strategy</propertyName><propertyDisplayName>Schema Access Strategy</propertyDisplayName><dependentValues><dependentValue>schema-text-property</dependentValue></dependentValues></dependency></dependencies></property><property><name>schema-reference-reader</name><displayName>Schema Reference Reader</displayName><description>Service implementation responsible for reading FlowFile attributes or content to determine the Schema Reference Identifier</description><controllerServiceDefinition><className>org.apache.nifi.schemaregistry.services.SchemaReferenceReader</className><groupId>org.apache.nifi</groupId><artifactId>nifi-standard-services-api-nar</artifactId><version>2.0.0-M3</version></controllerServiceDefinition><required>true</required><sensitive>false</sensitive><expressionLanguageSupported>false</expressionLanguageSupported><expressionLanguageScope>NONE</expressionLanguageScope><dynamicallyModifiesClasspath>false</dynamicallyModifiesClasspath><dynamic>false</dynamic><dependencies><dependency><propertyName>schema-access-strategy</propertyName><propertyDisplayName>Schema Access Strategy</propertyDisplayName><dependentValues><dependentValue>schema-reference-reader</dependentValue></dependentValues></dependency></dependencies></property><property><name>Proto Directory</name><displayName>Proto Directory</displayName><description>Directory containing Protocol Buffers message definition (.proto) file(s).</description><required>true</required><sensitive>false</sensitive><expressionLanguageSupported>true</expressionLanguageSupported><expressionLanguageScope>ENVIRONMENT</expressionLanguageScope><dynamicallyModifiesClasspath>false</dynamicallyModifiesClasspath><dynamic>false</dynamic></property><property><name>Message Type</name><displayName>Message Type</displayName><description>Fully qualified name of the Protocol Buffers message type including its package (eg. mypackage.MyMessage). The .proto files configured in 'Proto Directory' must contain the definition of this message type.</description><required>true</required><sensitive>false</sensitive><expressionLanguageSupported>true</expressionLanguageSupported><expressionLanguageScope>ENVIRONMENT</expressionLanguageScope><dynamicallyModifiesClasspath>false</dynamicallyModifiesClasspath><dynamic>false</dynamic></property></properties><providedServiceAPIs><providedServiceAPI><className>org.apache.nifi.serialization.RecordReaderFactory</className><groupId>org.apache.nifi</groupId><artifactId>nifi-standard-services-api-nar</artifactId><version>2.0.0-M3</version></providedServiceAPI></providedServiceAPIs></extension></extensions></extensionManifest>