<extensionManifest><groupId>org.apache.nifi</groupId><artifactId>nifi-box-services-nar</artifactId><version>2.0.0-M3</version><parentNar><groupId>org.apache.nifi</groupId><artifactId>nifi-box-services-api-nar</artifactId><version>2.0.0-M3</version></parentNar><systemApiVersion>2.0.0-M3</systemApiVersion><buildInfo><tag>nifi-2.0.0-M3-RC1</tag></buildInfo><extensions><extension><name>org.apache.nifi.box.controllerservices.JsonConfigBasedBoxClientService</name><type>CONTROLLER_SERVICE</type><description>Provides Box client objects through which Box API calls can be used.</description><tags><tag>box</tag><tag>client</tag><tag>provider</tag></tags><properties><property><name>box-account-id</name><displayName>Account ID</displayName><description>The ID of the Box account who owns the accessed resource. Same as 'User Id' under 'App Info' in the App 'General Settings'.</description><required>true</required><sensitive>false</sensitive><expressionLanguageSupported>true</expressionLanguageSupported><expressionLanguageScope>ENVIRONMENT</expressionLanguageScope><dynamicallyModifiesClasspath>false</dynamicallyModifiesClasspath><dynamic>false</dynamic></property><property><name>app-config-file</name><displayName>App Config File</displayName><description>Full path of an App config JSON file. See Additional Details for more information.</description><required>false</required><sensitive>false</sensitive><expressionLanguageSupported>true</expressionLanguageSupported><expressionLanguageScope>ENVIRONMENT</expressionLanguageScope><dynamicallyModifiesClasspath>false</dynamicallyModifiesClasspath><dynamic>false</dynamic><resourceDefinition><cardinality>SINGLE</cardinality><resourceTypes><resourceType>FILE</resourceType></resourceTypes></resourceDefinition></property><property><name>app-config-json</name><displayName>App Config JSON</displayName><description>The raw JSON containing an App config. See Additional Details for more information.</description><required>false</required><sensitive>true</sensitive><expressionLanguageSupported>true</expressionLanguageSupported><expressionLanguageScope>ENVIRONMENT</expressionLanguageScope><dynamicallyModifiesClasspath>false</dynamicallyModifiesClasspath><dynamic>false</dynamic></property><property><name>proxy-configuration-service</name><displayName>Proxy Configuration Service</displayName><description>Specifies the Proxy Configuration Controller Service to proxy network requests. Supported proxies: HTTP + AuthN</description><controllerServiceDefinition><className>org.apache.nifi.proxy.ProxyConfigurationService</className><groupId>org.apache.nifi</groupId><artifactId>nifi-standard-services-api-nar</artifactId><version>2.0.0-M3</version></controllerServiceDefinition><required>false</required><sensitive>false</sensitive><expressionLanguageSupported>false</expressionLanguageSupported><expressionLanguageScope>NONE</expressionLanguageScope><dynamicallyModifiesClasspath>false</dynamicallyModifiesClasspath><dynamic>false</dynamic></property></properties><providedServiceAPIs><providedServiceAPI><className>org.apache.nifi.box.controllerservices.BoxClientService</className><groupId>org.apache.nifi</groupId><artifactId>nifi-box-services-api-nar</artifactId><version>2.0.0-M3</version></providedServiceAPI></providedServiceAPIs></extension></extensions></extensionManifest>